1788687130.592528372,0 %, 1690 MHz, 38, 6.96 W
1788687130.694485964,0 %, 1690 MHz, 38, 6.96 W
1788687130.795074494,0 %, 1690 MHz, 38, 6.98 W
1788687130.896048873,0 %, 1690 MHz, 38, 6.98 W
1788687130.996756294,0 %, 1690 MHz, 38, 6.98 W
1788687131.097505876,0 %, 1690 MHz, 38, 6.98 W
1788687131.197876731,0 %, 1690 MHz, 38, 6.98 W
1788687131.298909037,0 %, 1690 MHz, 38, 6.97 W
1788687131.399490053,0 %, 1690 MHz, 38, 6.97 W
1788687131.498984997,0 %, 1690 MHz, 38, 6.97 W
1788687131.598968842,0 %, 1690 MHz, 38, 6.97 W
1788687131.699392163,0 %, 1690 MHz, 38, 6.97 W
1788687131.800584355,0 %, 1690 MHz, 38, 7.04 W
1788687131.902249816,0 %, 1690 MHz, 38, 7.04 W
1788687132.000658462,0 %, 1690 MHz, 38, 7.04 W
1788687132.101095414,0 %, 1690 MHz, 38, 7.04 W
1788687132.201141531,0 %, 1690 MHz, 38, 7.04 W
1788687132.302782239,0 %, 1690 MHz, 38, 7.09 W
1788687132.403421961,0 %, 1690 MHz, 38, 7.09 W
1788687132.504477349,0 %, 1690 MHz, 38, 7.09 W
1788687132.605462807,0 %, 1690 MHz, 38, 7.09 W
1788687132.706203616,0 %, 1690 MHz, 38, 7.09 W
1788687132.806940184,0 %, 1690 MHz, 38, 7.02 W
1788687132.907410767,0 %, 1690 MHz, 38, 7.02 W
1788687133.008073868,0 %, 1690 MHz, 38, 7.02 W
1788687133.108657299,0 %, 1690 MHz, 38, 7.02 W
1788687133.209143018,0 %, 1690 MHz, 38, 7.02 W
1788687133.309291822,0 %, 1690 MHz, 38, 7.02 W
1788687133.409412850,0 %, 1690 MHz, 38, 7.02 W
1788687133.510106027,0 %, 1690 MHz, 38, 7.02 W
1788687133.610585986,0 %, 1690 MHz, 38, 7.02 W
1788687133.710845479,0 %, 1690 MHz, 38, 7.02 W
1788687133.810943754,0 %, 1690 MHz, 38, 7.05 W
1788687133.911273984,0 %, 1690 MHz, 38, 7.05 W
1788687134.012198427,0 %, 1690 MHz, 38, 7.05 W
1788687134.112541903,0 %, 1690 MHz, 38, 7.05 W
1788687134.212710354,0 %, 1690 MHz, 38, 7.05 W
1788687134.313014150,0 %, 1690 MHz, 38, 7.05 W
1788687134.413290634,0 %, 1690 MHz, 38, 7.05 W
1788687134.513993634,0 %, 1690 MHz, 38, 7.05 W
1788687134.614310134,0 %, 1690 MHz, 38, 7.05 W
1788687134.714908157,0 %, 1690 MHz, 38, 7.05 W
1788687134.815051488,0 %, 1690 MHz, 38, 7.02 W
1788687134.915627559,0 %, 1690 MHz, 38, 7.02 W
1788687135.015965227,0 %, 1690 MHz, 38, 7.02 W
1788687135.116287518,0 %, 1690 MHz, 38, 7.02 W
1788687135.216644321,0 %, 1690 MHz, 38, 7.02 W
1788687135.316979380,0 %, 1690 MHz, 38, 7.02 W
1788687135.417680443,0 %, 1690 MHz, 38, 7.02 W
1788687135.517994350,0 %, 1690 MHz, 38, 7.02 W
1788687135.618343233,0 %, 1690 MHz, 38, 7.02 W
1788687135.718934167,0 %, 1690 MHz, 38, 7.02 W
1788687135.819419659,0 %, 1690 MHz, 38, 7.07 W
1788687135.919120568,0 %, 1690 MHz, 38, 7.07 W
1788687136.020110465,0 %, 1690 MHz, 38, 7.07 W
1788687136.120263362,0 %, 1690 MHz, 38, 7.07 W
1788687136.220359601,0 %, 1690 MHz, 38, 7.07 W
1788687136.320751684,0 %, 1690 MHz, 38, 7.09 W
1788687136.421042533,0 %, 1690 MHz, 38, 7.09 W
1788687136.521269766,0 %, 1690 MHz, 38, 7.09 W
1788687136.621985579,0 %, 1690 MHz, 38, 7.09 W
1788687136.722660352,0 %, 1690 MHz, 38, 7.09 W
1788687136.822966194,0 %, 1690 MHz, 38, 7.08 W
1788687136.923136466,0 %, 1690 MHz, 38, 7.08 W
1788687137.024050393,0 %, 1690 MHz, 38, 7.08 W
1788687137.124190936,0 %, 1690 MHz, 38, 7.08 W
1788687137.224490504,0 %, 1690 MHz, 38, 7.08 W
1788687137.325256045,24 %, 1690 MHz, 38, 7.10 W
1788687137.425563069,24 %, 1690 MHz, 38, 7.10 W
1788687137.526022303,24 %, 1690 MHz, 38, 7.10 W
1788687137.626151901,24 %, 1690 MHz, 38, 7.10 W
1788687137.726575535,24 %, 1690 MHz, 38, 7.10 W
1788687137.827157394,24 %, 1690 MHz, 38, 7.11 W
1788687137.927546083,24 %, 1690 MHz, 38, 7.11 W
1788687138.028009988,24 %, 1690 MHz, 38, 7.11 W
1788687138.128931369,24 %, 1690 MHz, 38, 7.11 W
1788687138.229134407,24 %, 1690 MHz, 38, 7.11 W
1788687138.329408166,1 %, 1690 MHz, 38, 7.09 W
1788687138.429522147,1 %, 1690 MHz, 38, 7.09 W
1788687138.529840050,1 %, 1690 MHz, 38, 7.09 W
1788687138.630101345,1 %, 1690 MHz, 38, 7.09 W
1788687138.731278167,1 %, 1690 MHz, 38, 7.09 W
1788687138.831534854,1 %, 1690 MHz, 38, 7.10 W
1788687138.933091121,1 %, 1690 MHz, 38, 7.10 W
1788687139.033660241,1 %, 1690 MHz, 38, 7.10 W
1788687139.134034768,1 %, 1690 MHz, 38, 7.10 W
1788687139.235075316,1 %, 1690 MHz, 38, 7.10 W
1788687139.335451030,0 %, 1690 MHz, 38, 7.05 W
1788687139.436287655,0 %, 1690 MHz, 38, 7.05 W
1788687139.536899206,0 %, 1690 MHz, 38, 7.05 W
1788687139.637977597,0 %, 1690 MHz, 38, 7.05 W
