1788674444.685172708,0 %, 2398 MHz, 54, 14.07 W
1788674444.787279182,0 %, 2398 MHz, 54, 14.10 W
1788674444.887554521,0 %, 2398 MHz, 54, 14.10 W
1788674444.988565120,0 %, 2398 MHz, 54, 14.10 W
1788674445.088495442,0 %, 2398 MHz, 54, 14.10 W
1788674445.188111827,0 %, 2398 MHz, 54, 14.10 W
1788674445.289417693,0 %, 2398 MHz, 54, 14.09 W
1788674445.390044335,0 %, 2398 MHz, 54, 14.09 W
1788674445.491435049,0 %, 2398 MHz, 54, 14.09 W
1788674445.591101148,0 %, 2398 MHz, 54, 14.09 W
1788674445.691607258,0 %, 2398 MHz, 54, 14.09 W
1788674445.791355067,0 %, 2398 MHz, 55, 13.84 W
1788674445.892874600,0 %, 2398 MHz, 55, 13.84 W
1788674445.993432809,0 %, 2398 MHz, 55, 13.84 W
1788674446.093768497,0 %, 2398 MHz, 55, 13.84 W
1788674446.193963260,0 %, 2398 MHz, 55, 13.84 W
1788674446.295156101,0 %, 2398 MHz, 54, 13.80 W
1788674446.395470288,0 %, 2398 MHz, 54, 13.80 W
1788674446.496488802,0 %, 2398 MHz, 54, 13.80 W
1788674446.596745150,0 %, 2398 MHz, 54, 13.80 W
1788674446.696157337,0 %, 2398 MHz, 54, 13.80 W
1788674446.796792616,0 %, 2398 MHz, 54, 13.48 W
1788674446.896415670,0 %, 2398 MHz, 54, 13.48 W
1788674446.996299673,0 %, 2398 MHz, 54, 13.48 W
1788674447.097550067,0 %, 2398 MHz, 54, 13.48 W
1788674447.198047183,0 %, 2398 MHz, 54, 13.48 W
1788674447.297228949,0 %, 2398 MHz, 54, 13.51 W
1788674447.398328252,0 %, 2398 MHz, 54, 13.51 W
1788674447.498157149,0 %, 2398 MHz, 54, 13.51 W
1788674447.598356869,0 %, 2398 MHz, 54, 13.51 W
1788674447.698836801,0 %, 2398 MHz, 54, 13.51 W
1788674447.798046951,0 %, 2398 MHz, 54, 13.58 W
1788674447.898334256,0 %, 2398 MHz, 54, 13.58 W
1788674447.998083728,0 %, 2398 MHz, 54, 13.58 W
1788674448.098451418,0 %, 2398 MHz, 54, 13.58 W
1788674448.198713506,0 %, 2398 MHz, 54, 13.58 W
1788674448.300182366,0 %, 2398 MHz, 54, 13.54 W
1788674448.399903053,0 %, 2398 MHz, 54, 13.54 W
1788674448.500495514,0 %, 2398 MHz, 54, 13.54 W
1788674448.600791922,0 %, 2398 MHz, 54, 13.54 W
1788674448.701047194,0 %, 2398 MHz, 54, 13.54 W
1788674448.801223537,0 %, 2398 MHz, 53, 13.44 W
1788674448.901467400,0 %, 2398 MHz, 53, 13.44 W
1788674449.001641151,0 %, 2398 MHz, 53, 13.44 W
1788674449.101960679,0 %, 2398 MHz, 53, 13.44 W
1788674449.202193757,0 %, 2398 MHz, 53, 13.44 W
1788674449.302420340,1 %, 2398 MHz, 53, 13.45 W
1788674449.402617898,1 %, 2398 MHz, 53, 13.45 W
1788674449.502947042,1 %, 2398 MHz, 53, 13.45 W
1788674449.602108535,1 %, 2398 MHz, 53, 13.45 W
1788674449.702221051,1 %, 2398 MHz, 53, 13.45 W
1788674449.802303872,1 %, 2398 MHz, 53, 13.47 W
1788674449.903524087,1 %, 2398 MHz, 53, 13.47 W
1788674450.003882208,1 %, 2398 MHz, 53, 13.47 W
1788674450.104085557,1 %, 2398 MHz, 53, 13.47 W
1788674450.204305707,1 %, 2398 MHz, 53, 13.47 W
1788674450.304493952,1 %, 2398 MHz, 53, 13.47 W
1788674450.404681782,1 %, 2398 MHz, 53, 13.47 W
1788674450.505255649,1 %, 2398 MHz, 53, 13.47 W
1788674450.605424774,1 %, 2398 MHz, 53, 13.47 W
1788674450.705597531,1 %, 2398 MHz, 53, 13.47 W
1788674450.805874498,1 %, 2398 MHz, 53, 13.48 W
1788674450.906069720,1 %, 2398 MHz, 53, 13.48 W
1788674451.006204908,1 %, 2398 MHz, 53, 13.48 W
1788674451.106444497,1 %, 2398 MHz, 53, 13.48 W
1788674451.206568629,1 %, 2398 MHz, 53, 13.48 W
1788674451.306792778,1 %, 2398 MHz, 53, 13.47 W
1788674451.407127889,1 %, 2398 MHz, 53, 13.47 W
1788674451.507232916,1 %, 2398 MHz, 53, 13.47 W
1788674451.607462794,1 %, 2398 MHz, 53, 13.47 W
1788674451.707610414,1 %, 2398 MHz, 53, 13.47 W
1788674451.807862051,1 %, 2398 MHz, 53, 13.45 W
1788674451.908082072,1 %, 2398 MHz, 53, 13.45 W
1788674452.008239324,1 %, 2398 MHz, 53, 13.45 W
1788674452.108599299,1 %, 2398 MHz, 53, 13.45 W
1788674452.208627748,1 %, 2398 MHz, 53, 13.45 W
1788674452.308860409,1 %, 2398 MHz, 53, 13.43 W
1788674452.409035549,1 %, 2398 MHz, 53, 13.43 W
1788674452.509232945,1 %, 2398 MHz, 53, 13.43 W
1788674452.609362900,1 %, 2398 MHz, 53, 13.43 W
1788674452.709737819,1 %, 2398 MHz, 53, 13.43 W
1788674452.809919503,1 %, 2398 MHz, 53, 13.42 W
1788674452.910039682,1 %, 2398 MHz, 53, 13.42 W
1788674453.010228934,1 %, 2398 MHz, 53, 13.42 W
1788674453.110475290,1 %, 2398 MHz, 53, 13.42 W
1788674453.210677757,1 %, 2398 MHz, 53, 13.42 W
1788674453.310985683,2 %, 2405 MHz, 53, 13.43 W
1788674453.411244439,2 %, 2405 MHz, 53, 13.43 W
1788674453.511394378,2 %, 2405 MHz, 53, 13.43 W
1788674453.611588157,2 %, 2405 MHz, 53, 13.43 W
1788674453.711861250,2 %, 2405 MHz, 53, 13.43 W
1788674453.812031941,2 %, 2411 MHz, 53, 13.42 W
1788674453.912153255,2 %, 2411 MHz, 53, 13.42 W
1788674454.012431180,2 %, 2411 MHz, 53, 13.42 W
1788674454.112568109,2 %, 2411 MHz, 53, 13.42 W
1788674454.212890738,2 %, 2411 MHz, 53, 13.42 W
1788674454.313146262,1 %, 2411 MHz, 53, 13.43 W
1788674454.413280072,1 %, 2411 MHz, 53, 13.43 W
1788674454.513850593,1 %, 2411 MHz, 53, 13.43 W
1788674454.613249014,1 %, 2411 MHz, 53, 13.43 W
1788674454.714266615,1 %, 2411 MHz, 53, 13.43 W
1788674454.814500058,1 %, 2411 MHz, 53, 13.41 W
1788674454.914661244,1 %, 2411 MHz, 53, 13.41 W
1788674455.015103875,1 %, 2411 MHz, 53, 13.41 W
1788674455.115195891,1 %, 2411 MHz, 53, 13.41 W
1788674455.215457207,1 %, 2411 MHz, 53, 13.41 W
1788674455.315593928,2 %, 2411 MHz, 52, 13.39 W
1788674455.415955341,2 %, 2411 MHz, 52, 13.39 W
1788674455.516136943,2 %, 2411 MHz, 52, 13.39 W
1788674455.616371057,2 %, 2411 MHz, 52, 13.39 W
1788674455.716526675,2 %, 2411 MHz, 52, 13.39 W
1788674455.816764470,2 %, 2411 MHz, 52, 13.42 W
1788674455.916999080,2 %, 2411 MHz, 52, 13.42 W
1788674456.017174186,2 %, 2411 MHz, 52, 13.42 W
1788674456.117345499,2 %, 2411 MHz, 52, 13.42 W
1788674456.217513916,2 %, 2411 MHz, 52, 13.42 W
1788674456.317744590,1 %, 2411 MHz, 52, 13.42 W
1788674456.417937615,1 %, 2411 MHz, 52, 13.42 W
1788674456.518136769,1 %, 2411 MHz, 52, 13.42 W
1788674456.618280465,1 %, 2411 MHz, 52, 13.42 W
1788674456.718544308,1 %, 2411 MHz, 52, 13.42 W
1788674456.819371152,1 %, 2411 MHz, 52, 13.39 W
1788674456.919801589,1 %, 2411 MHz, 52, 13.39 W
1788674457.021084729,1 %, 2411 MHz, 52, 13.39 W
1788674457.121948821,1 %, 2411 MHz, 52, 13.39 W
1788674457.222237336,1 %, 2411 MHz, 52, 13.39 W
1788674457.322861840,1 %, 2411 MHz, 52, 13.36 W
1788674457.423252708,1 %, 2411 MHz, 52, 13.36 W
1788674457.523448277,1 %, 2411 MHz, 52, 13.36 W
1788674457.623801736,1 %, 2411 MHz, 52, 13.36 W
1788674457.723513585,1 %, 2411 MHz, 52, 13.36 W
1788674457.824145497,1 %, 2411 MHz, 52, 13.36 W
1788674457.924939892,1 %, 2411 MHz, 52, 13.36 W
1788674458.024654220,1 %, 2411 MHz, 52, 13.36 W
1788674458.124892541,1 %, 2411 MHz, 52, 13.36 W
1788674458.225079389,1 %, 2411 MHz, 52, 13.36 W
1788674458.325312430,1 %, 2411 MHz, 52, 13.35 W
1788674458.425519934,1 %, 2411 MHz, 52, 13.35 W
1788674458.525650685,1 %, 2411 MHz, 52, 13.35 W
1788674458.625362805,1 %, 2411 MHz, 52, 13.35 W
1788674458.726129807,1 %, 2411 MHz, 52, 13.35 W
1788674458.826171196,1 %, 2411 MHz, 52, 13.32 W
1788674458.926530303,1 %, 2411 MHz, 52, 13.32 W
1788674459.026952851,1 %, 2411 MHz, 52, 13.32 W
1788674459.127091857,1 %, 2411 MHz, 52, 13.32 W
1788674459.227349970,1 %, 2411 MHz, 52, 13.32 W
1788674459.327090074,1 %, 2411 MHz, 52, 13.35 W
1788674459.427518621,1 %, 2411 MHz, 52, 13.35 W
1788674459.528010962,1 %, 2411 MHz, 52, 13.35 W
1788674459.628502550,1 %, 2411 MHz, 52, 13.35 W
1788674459.728772167,1 %, 2411 MHz, 52, 13.35 W
1788674459.828488862,1 %, 2411 MHz, 52, 13.36 W
1788674459.929126693,1 %, 2411 MHz, 52, 13.36 W
1788674460.029360757,1 %, 2411 MHz, 52, 13.36 W
1788674460.129559060,1 %, 2411 MHz, 52, 13.36 W
1788674460.229778851,1 %, 2411 MHz, 52, 13.36 W
1788674460.330040963,2 %, 2411 MHz, 52, 13.35 W
1788674460.430036735,2 %, 2411 MHz, 52, 13.35 W
1788674460.530358223,2 %, 2411 MHz, 52, 13.35 W
1788674460.630521454,2 %, 2411 MHz, 52, 13.35 W
1788674460.730687516,2 %, 2411 MHz, 52, 13.35 W
1788674460.831010253,2 %, 2411 MHz, 52, 13.33 W
1788674460.931238300,2 %, 2411 MHz, 52, 13.33 W
1788674461.031594238,2 %, 2411 MHz, 52, 13.33 W
1788674461.131621737,2 %, 2411 MHz, 52, 13.33 W
1788674461.231934393,2 %, 2411 MHz, 52, 13.33 W
1788674461.332044598,47 %, 2411 MHz, 54, 15.20 W
1788674461.432334598,47 %, 2411 MHz, 54, 15.20 W
1788674461.532459939,47 %, 2411 MHz, 54, 15.20 W
1788674461.632764739,47 %, 2411 MHz, 54, 15.20 W
1788674461.732973745,47 %, 2411 MHz, 54, 15.20 W
1788674461.833940732,47 %, 2431 MHz, 52, 17.72 W
1788674461.933366557,47 %, 2431 MHz, 52, 17.72 W
1788674462.034790816,47 %, 2431 MHz, 52, 17.72 W
1788674462.135051855,47 %, 2431 MHz, 52, 17.72 W
1788674462.235615954,47 %, 2431 MHz, 52, 17.72 W
1788674462.335909826,38 %, 2437 MHz, 54, 26.41 W
1788674462.435986845,38 %, 2437 MHz, 54, 26.41 W
1788674462.535168010,38 %, 2437 MHz, 54, 26.41 W
1788674462.635338615,38 %, 2437 MHz, 54, 26.41 W
1788674462.735485955,38 %, 2437 MHz, 54, 26.41 W
1788674462.835958582,38 %, 2437 MHz, 55, 31.00 W
1788674462.936828318,38 %, 2437 MHz, 55, 31.00 W
1788674463.036487651,38 %, 2437 MHz, 55, 31.00 W
1788674463.136832514,38 %, 2437 MHz, 55, 31.00 W
1788674463.236739194,38 %, 2437 MHz, 55, 31.00 W
1788674463.337233004,96 %, 2457 MHz, 62, 51.55 W
1788674463.437567963,96 %, 2457 MHz, 62, 51.55 W
1788674463.537532580,96 %, 2457 MHz, 62, 51.55 W
1788674463.638575919,96 %, 2457 MHz, 62, 51.55 W
1788674463.738191458,96 %, 2457 MHz, 62, 51.55 W
1788674463.838363375,96 %, 2457 MHz, 60, 75.43 W
1788674463.938789920,96 %, 2457 MHz, 60, 75.43 W
1788674464.039544262,96 %, 2457 MHz, 60, 75.43 W
1788674464.139325179,96 %, 2457 MHz, 60, 75.43 W
1788674464.239535128,96 %, 2457 MHz, 60, 75.43 W
1788674464.339657202,96 %, 2450 MHz, 62, 68.21 W
1788674464.440453817,96 %, 2450 MHz, 62, 68.21 W
1788674464.540074267,96 %, 2450 MHz, 62, 68.21 W
1788674464.640136229,96 %, 2450 MHz, 62, 68.21 W
1788674464.740503285,96 %, 2450 MHz, 62, 68.21 W
1788674464.840480541,96 %, 2463 MHz, 55, 59.40 W
1788674464.940684761,96 %, 2463 MHz, 55, 59.40 W
1788674465.040759171,96 %, 2463 MHz, 55, 59.40 W
1788674465.141075697,96 %, 2463 MHz, 55, 59.40 W
1788674465.241266172,96 %, 2463 MHz, 55, 59.40 W
1788674465.341486344,3 %, 2398 MHz, 53, 37.51 W
1788674465.441816806,3 %, 2398 MHz, 53, 37.51 W
1788674465.541992482,3 %, 2398 MHz, 53, 37.51 W
1788674465.642182957,3 %, 2398 MHz, 53, 37.51 W
1788674465.742527515,3 %, 2398 MHz, 53, 37.51 W
1788674465.842739143,3 %, 2398 MHz, 53, 13.50 W
1788674465.942916962,3 %, 2398 MHz, 53, 13.50 W
1788674466.044265825,3 %, 2398 MHz, 53, 13.50 W
1788674466.144245336,3 %, 2398 MHz, 53, 13.50 W
1788674466.244640871,3 %, 2398 MHz, 53, 13.50 W
1788674466.344891123,81 %, 2424 MHz, 61, 28.03 W
1788674466.444581877,81 %, 2424 MHz, 61, 28.03 W
1788674466.544853137,81 %, 2424 MHz, 61, 28.03 W
1788674466.645561717,81 %, 2424 MHz, 61, 28.03 W
1788674466.745848993,81 %, 2424 MHz, 61, 28.03 W
1788674466.845445090,81 %, 2457 MHz, 63, 62.22 W
1788674466.946156934,81 %, 2457 MHz, 63, 62.22 W
1788674467.046173757,81 %, 2457 MHz, 63, 62.22 W
1788674467.146239414,81 %, 2457 MHz, 63, 62.22 W
1788674467.246606563,81 %, 2457 MHz, 63, 62.22 W
1788674467.347210852,96 %, 2457 MHz, 63, 74.74 W
1788674467.447868870,96 %, 2457 MHz, 63, 74.74 W
1788674467.547973119,96 %, 2457 MHz, 63, 74.74 W
1788674467.647587263,96 %, 2457 MHz, 63, 74.74 W
1788674467.747963581,96 %, 2457 MHz, 63, 74.74 W
1788674467.848100550,96 %, 2444 MHz, 57, 62.72 W
1788674467.948302480,96 %, 2444 MHz, 57, 62.72 W
1788674468.048446745,96 %, 2444 MHz, 57, 62.72 W
1788674468.148646867,96 %, 2444 MHz, 57, 62.72 W
1788674468.248893246,96 %, 2444 MHz, 57, 62.72 W
1788674468.349054087,2 %, 2398 MHz, 54, 35.90 W
1788674468.449211616,2 %, 2398 MHz, 54, 35.90 W
1788674468.549404633,2 %, 2398 MHz, 54, 35.90 W
1788674468.649600739,2 %, 2398 MHz, 54, 35.90 W
1788674468.749808717,2 %, 2398 MHz, 54, 35.90 W
1788674468.851088681,2 %, 2398 MHz, 53, 13.55 W
1788674468.951363908,2 %, 2398 MHz, 53, 13.55 W
1788674469.051441099,2 %, 2398 MHz, 53, 13.55 W
1788674469.150993657,2 %, 2398 MHz, 53, 13.55 W
1788674469.251154946,2 %, 2398 MHz, 53, 13.55 W
1788674469.352103176,85 %, 2457 MHz, 59, 27.80 W
1788674469.453483909,85 %, 2457 MHz, 59, 27.80 W
1788674469.552281478,85 %, 2457 MHz, 59, 27.80 W
1788674469.654594659,85 %, 2457 MHz, 59, 27.80 W
1788674469.754834669,85 %, 2457 MHz, 59, 27.80 W
1788674469.853129685,85 %, 2437 MHz, 58, 39.55 W
1788674469.952567106,85 %, 2437 MHz, 58, 39.55 W
1788674470.052262962,85 %, 2437 MHz, 58, 39.55 W
1788674470.152685374,85 %, 2437 MHz, 58, 39.55 W
1788674470.254952057,85 %, 2437 MHz, 58, 39.55 W
1788674470.354032847,0 %, 2444 MHz, 54, 33.72 W
1788674470.454187191,0 %, 2444 MHz, 54, 33.72 W
1788674470.555338607,0 %, 2444 MHz, 54, 33.72 W
1788674470.654758779,0 %, 2444 MHz, 54, 33.72 W
1788674470.754971219,0 %, 2444 MHz, 54, 33.72 W
1788674470.856102043,0 %, 2431 MHz, 55, 32.21 W
1788674470.955323107,0 %, 2431 MHz, 55, 32.21 W
1788674471.055926594,0 %, 2431 MHz, 55, 32.21 W
1788674471.156877015,0 %, 2431 MHz, 55, 32.21 W
1788674471.256357250,0 %, 2431 MHz, 55, 32.21 W
1788674471.357597212,96 %, 2431 MHz, 58, 35.61 W
1788674471.457511135,96 %, 2431 MHz, 58, 35.61 W
1788674471.557085164,96 %, 2431 MHz, 58, 35.61 W
1788674471.658153538,96 %, 2431 MHz, 58, 35.61 W
1788674471.759496366,96 %, 2431 MHz, 58, 35.61 W
1788674471.858055482,96 %, 2444 MHz, 58, 36.35 W
1788674471.959602616,96 %, 2444 MHz, 58, 36.35 W
1788674472.060239527,96 %, 2444 MHz, 58, 36.35 W
1788674472.159162761,96 %, 2444 MHz, 58, 36.35 W
1788674472.260185118,96 %, 2444 MHz, 58, 36.35 W
1788674472.359607080,0 %, 2444 MHz, 55, 33.09 W
1788674472.459784463,0 %, 2444 MHz, 55, 33.09 W
1788674472.560452350,0 %, 2444 MHz, 55, 33.09 W
1788674472.660258974,0 %, 2444 MHz, 55, 33.09 W
1788674472.760449957,0 %, 2444 MHz, 55, 33.09 W
1788674472.861493531,0 %, 2431 MHz, 56, 33.13 W
1788674472.960922117,0 %, 2431 MHz, 56, 33.13 W
1788674473.061091707,0 %, 2431 MHz, 56, 33.13 W
1788674473.162510198,0 %, 2431 MHz, 56, 33.13 W
1788674473.261708460,0 %, 2431 MHz, 56, 33.13 W
1788674473.362508989,96 %, 2431 MHz, 58, 36.39 W
1788674473.463393711,96 %, 2431 MHz, 58, 36.39 W
1788674473.562661365,96 %, 2431 MHz, 58, 36.39 W
1788674473.664336485,96 %, 2431 MHz, 58, 36.39 W
1788674473.763674941,96 %, 2431 MHz, 58, 36.39 W
1788674473.863387787,96 %, 2444 MHz, 57, 35.86 W
1788674473.964524674,96 %, 2444 MHz, 57, 35.86 W
1788674474.064596261,96 %, 2444 MHz, 57, 35.86 W
1788674474.164164705,96 %, 2444 MHz, 57, 35.86 W
1788674474.265299494,96 %, 2444 MHz, 57, 35.86 W
1788674474.365730848,0 %, 2444 MHz, 55, 32.57 W
1788674474.464782531,0 %, 2444 MHz, 55, 32.57 W
1788674474.565588739,0 %, 2444 MHz, 55, 32.57 W
1788674474.665169150,0 %, 2444 MHz, 55, 32.57 W
1788674474.765229650,0 %, 2444 MHz, 55, 32.57 W
1788674474.866471082,0 %, 2431 MHz, 57, 33.65 W
1788674474.966299769,0 %, 2431 MHz, 57, 33.65 W
1788674475.066498847,0 %, 2431 MHz, 57, 33.65 W
1788674475.167493617,0 %, 2431 MHz, 57, 33.65 W
1788674475.267019979,0 %, 2431 MHz, 57, 33.65 W
1788674475.367180928,96 %, 2431 MHz, 59, 36.86 W
1788674475.468164258,96 %, 2431 MHz, 59, 36.86 W
1788674475.567581978,96 %, 2431 MHz, 59, 36.86 W
1788674475.668667775,96 %, 2431 MHz, 59, 36.86 W
1788674475.768758530,96 %, 2431 MHz, 59, 36.86 W
1788674475.868432671,96 %, 2444 MHz, 57, 35.11 W
1788674475.970020411,96 %, 2444 MHz, 57, 35.11 W
1788674476.069434771,96 %, 2444 MHz, 57, 35.11 W
1788674476.169122559,96 %, 2444 MHz, 57, 35.11 W
1788674476.270311316,96 %, 2444 MHz, 57, 35.11 W
1788674476.370778333,5 %, 2444 MHz, 55, 31.79 W
1788674476.470249830,5 %, 2444 MHz, 55, 31.79 W
1788674476.571269384,5 %, 2444 MHz, 55, 31.79 W
1788674476.671416700,5 %, 2444 MHz, 55, 31.79 W
1788674476.770931221,5 %, 2431 MHz, 57, 34.38 W
1788674476.871626530,5 %, 2431 MHz, 57, 34.38 W
1788674476.971291022,5 %, 2431 MHz, 57, 34.38 W
1788674477.071504242,5 %, 2431 MHz, 57, 34.38 W
1788674477.172769096,5 %, 2431 MHz, 57, 34.38 W
1788674477.272094653,80 %, 2437 MHz, 59, 37.08 W
1788674477.372276497,80 %, 2437 MHz, 59, 37.08 W
1788674477.473723690,80 %, 2437 MHz, 59, 37.08 W
1788674477.572644664,80 %, 2437 MHz, 59, 37.08 W
1788674477.672854845,80 %, 2437 MHz, 59, 37.08 W
1788674477.773966288,80 %, 2444 MHz, 55, 34.40 W
1788674477.873334102,80 %, 2444 MHz, 55, 34.40 W
1788674477.974950226,80 %, 2444 MHz, 55, 34.40 W
1788674478.075252023,80 %, 2444 MHz, 55, 34.40 W
1788674478.174608748,80 %, 2444 MHz, 55, 34.40 W
1788674478.275958163,22 %, 2437 MHz, 55, 31.68 W
1788674478.375003059,22 %, 2437 MHz, 55, 31.68 W
1788674478.474652541,22 %, 2437 MHz, 55, 31.68 W
1788674478.575810913,22 %, 2437 MHz, 55, 31.68 W
1788674478.677431852,22 %, 2437 MHz, 55, 31.68 W
1788674478.776562797,22 %, 2431 MHz, 59, 35.29 W
1788674478.877825666,22 %, 2431 MHz, 59, 35.29 W
1788674478.977722801,22 %, 2431 MHz, 59, 35.29 W
1788674479.077450540,22 %, 2431 MHz, 59, 35.29 W
1788674479.178581806,22 %, 2431 MHz, 59, 35.29 W
1788674479.277973843,64 %, 2444 MHz, 58, 36.77 W
1788674479.378550124,64 %, 2444 MHz, 58, 36.77 W
1788674479.478771776,64 %, 2444 MHz, 58, 36.77 W
1788674479.579038580,64 %, 2444 MHz, 58, 36.77 W
1788674479.679829072,64 %, 2444 MHz, 58, 36.77 W
1788674479.779908097,64 %, 2444 MHz, 55, 33.65 W
1788674479.879637532,64 %, 2444 MHz, 55, 33.65 W
1788674479.979978001,64 %, 2444 MHz, 55, 33.65 W
1788674480.081003649,64 %, 2444 MHz, 55, 33.65 W
1788674480.180331269,64 %, 2444 MHz, 55, 33.65 W
1788674480.281063184,38 %, 2431 MHz, 56, 32.88 W
1788674480.381585687,38 %, 2431 MHz, 56, 32.88 W
1788674480.481033213,38 %, 2431 MHz, 56, 32.88 W
1788674480.581606693,38 %, 2431 MHz, 56, 32.88 W
1788674480.682072108,38 %, 2431 MHz, 56, 32.88 W
1788674480.781529777,38 %, 2431 MHz, 60, 35.97 W
1788674480.882235532,38 %, 2431 MHz, 60, 35.97 W
1788674480.982840197,38 %, 2431 MHz, 60, 35.97 W
1788674481.082189752,38 %, 2431 MHz, 60, 35.97 W
1788674481.183104182,38 %, 2431 MHz, 60, 35.97 W
1788674481.283500251,48 %, 2444 MHz, 58, 36.05 W
1788674481.383066049,48 %, 2444 MHz, 58, 36.05 W
1788674481.483814444,48 %, 2444 MHz, 58, 36.05 W
1788674481.583838955,48 %, 2444 MHz, 58, 36.05 W
1788674481.684050956,48 %, 2444 MHz, 58, 36.05 W
1788674481.784803207,48 %, 2444 MHz, 55, 32.78 W
1788674481.884489904,48 %, 2444 MHz, 55, 32.78 W
1788674481.984489438,48 %, 2444 MHz, 55, 32.78 W
1788674482.085373723,48 %, 2444 MHz, 55, 32.78 W
1788674482.184943681,48 %, 2444 MHz, 55, 32.78 W
1788674482.285274500,54 %, 2431 MHz, 56, 33.06 W
1788674482.386276419,54 %, 2431 MHz, 56, 33.06 W
1788674482.485728375,54 %, 2431 MHz, 56, 33.06 W
1788674482.586538434,54 %, 2431 MHz, 56, 33.06 W
1788674482.686060088,54 %, 2431 MHz, 56, 33.06 W
1788674482.786246808,54 %, 2431 MHz, 59, 36.62 W
1788674482.887645085,54 %, 2431 MHz, 59, 36.62 W
1788674482.986585129,54 %, 2431 MHz, 59, 36.62 W
1788674483.086999613,54 %, 2431 MHz, 59, 36.62 W
1788674483.188306000,54 %, 2431 MHz, 59, 36.62 W
1788674483.288539649,32 %, 2444 MHz, 57, 35.34 W
1788674483.387972484,32 %, 2444 MHz, 57, 35.34 W
1788674483.489302055,32 %, 2444 MHz, 57, 35.34 W
1788674483.589272772,32 %, 2444 MHz, 57, 35.34 W
1788674483.688565877,32 %, 2444 MHz, 57, 35.34 W
1788674483.789493553,32 %, 2444 MHz, 55, 32.11 W
1788674483.889168233,32 %, 2444 MHz, 55, 32.11 W
1788674483.989309912,32 %, 2444 MHz, 55, 32.11 W
1788674484.089738891,32 %, 2444 MHz, 55, 32.11 W
1788674484.189677863,32 %, 2444 MHz, 55, 32.11 W
1788674484.289892855,71 %, 2431 MHz, 57, 34.29 W
1788674484.390585199,71 %, 2431 MHz, 57, 34.29 W
1788674484.490273430,71 %, 2431 MHz, 57, 34.29 W
1788674484.590282754,71 %, 2431 MHz, 57, 34.29 W
1788674484.691418193,71 %, 2431 MHz, 57, 34.29 W
1788674484.790949254,71 %, 2431 MHz, 59, 37.09 W
1788674484.892141718,71 %, 2431 MHz, 59, 37.09 W
1788674484.992354310,71 %, 2431 MHz, 59, 37.09 W
1788674485.091545396,71 %, 2431 MHz, 59, 37.09 W
1788674485.192991912,71 %, 2431 MHz, 59, 37.09 W
1788674485.292922291,20 %, 2444 MHz, 57, 35.78 W
1788674485.392917838,20 %, 2444 MHz, 57, 35.78 W
1788674485.493767992,20 %, 2444 MHz, 57, 35.78 W
1788674485.594249756,20 %, 2444 MHz, 57, 35.78 W
1788674485.693499035,20 %, 2444 MHz, 57, 35.78 W
1788674485.794750300,20 %, 2444 MHz, 56, 31.86 W
1788674485.893987770,20 %, 2444 MHz, 56, 31.86 W
1788674485.993327403,20 %, 2444 MHz, 56, 31.86 W
1788674486.095339640,20 %, 2444 MHz, 56, 31.86 W
1788674486.194485189,20 %, 2444 MHz, 56, 31.86 W
1788674486.294666403,79 %, 2431 MHz, 58, 34.31 W
1788674486.395920035,79 %, 2431 MHz, 58, 34.31 W
1788674486.495094240,79 %, 2431 MHz, 58, 34.31 W
1788674486.595101051,79 %, 2431 MHz, 58, 34.31 W
1788674486.696501262,79 %, 2431 MHz, 58, 34.31 W
1788674486.795487272,79 %, 2437 MHz, 59, 37.07 W
1788674486.896666103,79 %, 2437 MHz, 59, 37.07 W
1788674486.996682754,79 %, 2437 MHz, 59, 37.07 W
1788674487.096406920,79 %, 2437 MHz, 59, 37.07 W
1788674487.197755193,79 %, 2437 MHz, 59, 37.07 W
1788674487.297743299,11 %, 2444 MHz, 55, 35.42 W
1788674487.397141955,11 %, 2444 MHz, 55, 35.42 W
1788674487.498268529,11 %, 2444 MHz, 55, 35.42 W
1788674487.598801396,11 %, 2444 MHz, 55, 35.42 W
1788674487.698262037,11 %, 2444 MHz, 55, 35.42 W
1788674487.799175551,11 %, 2437 MHz, 56, 31.94 W
1788674487.898858580,11 %, 2437 MHz, 56, 31.94 W
1788674487.999016081,11 %, 2437 MHz, 56, 31.94 W
1788674488.100022860,11 %, 2437 MHz, 56, 31.94 W
1788674488.199448604,11 %, 2437 MHz, 56, 31.94 W
1788674488.299483863,89 %, 2431 MHz, 60, 34.71 W
1788674488.400217837,89 %, 2431 MHz, 60, 34.71 W
1788674488.500094949,89 %, 2431 MHz, 60, 34.71 W
1788674488.600235201,89 %, 2431 MHz, 60, 34.71 W
1788674488.701406990,89 %, 2431 MHz, 60, 34.71 W
1788674488.800550506,89 %, 2444 MHz, 59, 37.14 W
1788674488.900947578,89 %, 2444 MHz, 59, 37.14 W
1788674489.002092775,89 %, 2444 MHz, 59, 37.14 W
1788674489.101517943,89 %, 2444 MHz, 59, 37.14 W
1788674489.202591970,89 %, 2444 MHz, 59, 37.14 W
1788674489.302678829,0 %, 2444 MHz, 55, 34.26 W
1788674489.402561140,0 %, 2444 MHz, 55, 34.26 W
1788674489.503017605,0 %, 2444 MHz, 55, 34.26 W
1788674489.603998558,0 %, 2444 MHz, 55, 34.26 W
1788674489.703229467,0 %, 2444 MHz, 55, 34.26 W
1788674489.804436344,0 %, 2431 MHz, 56, 31.72 W
1788674489.904120940,0 %, 2431 MHz, 56, 31.72 W
1788674490.003537260,0 %, 2431 MHz, 56, 31.72 W
1788674490.104459124,0 %, 2431 MHz, 56, 31.72 W
1788674490.204032341,0 %, 2431 MHz, 56, 31.72 W
1788674490.303309906,96 %, 2431 MHz, 59, 35.09 W
1788674490.404112200,96 %, 2431 MHz, 59, 35.09 W
1788674490.503835436,96 %, 2431 MHz, 59, 35.09 W
1788674490.605133578,96 %, 2431 MHz, 59, 35.09 W
1788674490.706053458,96 %, 2431 MHz, 59, 35.09 W
1788674490.805556050,96 %, 2444 MHz, 58, 37.48 W
1788674490.905770142,96 %, 2444 MHz, 58, 37.48 W
1788674491.007128798,96 %, 2444 MHz, 58, 37.48 W
1788674491.106514507,96 %, 2444 MHz, 58, 37.48 W
1788674491.207481924,96 %, 2444 MHz, 58, 37.48 W
1788674491.307737616,0 %, 2444 MHz, 55, 34.39 W
1788674491.407122382,0 %, 2444 MHz, 55, 34.39 W
1788674491.507848242,0 %, 2444 MHz, 55, 34.39 W
1788674491.608332530,0 %, 2444 MHz, 55, 34.39 W
1788674491.707736752,0 %, 2444 MHz, 55, 34.39 W
1788674491.808980573,0 %, 2431 MHz, 57, 32.35 W
1788674491.908810850,0 %, 2431 MHz, 57, 32.35 W
1788674492.008518757,0 %, 2431 MHz, 57, 32.35 W
1788674492.109296137,0 %, 2431 MHz, 57, 32.35 W
1788674492.209337569,0 %, 2431 MHz, 57, 32.35 W
1788674492.309198166,96 %, 2431 MHz, 60, 35.40 W
1788674492.409996539,96 %, 2431 MHz, 60, 35.40 W
1788674492.509517322,96 %, 2431 MHz, 60, 35.40 W
1788674492.609879608,96 %, 2431 MHz, 60, 35.40 W
1788674492.710409080,96 %, 2431 MHz, 60, 35.40 W
1788674492.810349902,96 %, 2444 MHz, 59, 36.87 W
1788674492.910530089,96 %, 2444 MHz, 59, 36.87 W
1788674493.011714548,96 %, 2444 MHz, 59, 36.87 W
1788674493.111391685,96 %, 2444 MHz, 59, 36.87 W
1788674493.211344811,96 %, 2444 MHz, 59, 36.87 W
1788674493.312723769,0 %, 2444 MHz, 56, 33.83 W
1788674493.412008036,0 %, 2444 MHz, 56, 33.83 W
1788674493.512790424,0 %, 2444 MHz, 56, 33.83 W
1788674493.613011186,0 %, 2444 MHz, 56, 33.83 W
1788674493.712602642,0 %, 2444 MHz, 56, 33.83 W
1788674493.813437799,0 %, 2431 MHz, 57, 32.90 W
1788674493.913713714,0 %, 2431 MHz, 57, 32.90 W
1788674494.013238993,0 %, 2431 MHz, 57, 32.90 W
1788674494.114134070,0 %, 2431 MHz, 57, 32.90 W
1788674494.214581524,0 %, 2431 MHz, 57, 32.90 W
1788674494.313945135,96 %, 2431 MHz, 60, 35.94 W
1788674494.414890965,96 %, 2431 MHz, 60, 35.94 W
1788674494.514374435,96 %, 2431 MHz, 60, 35.94 W
1788674494.614468826,96 %, 2431 MHz, 60, 35.94 W
1788674494.716065595,96 %, 2431 MHz, 60, 35.94 W
1788674494.815055825,96 %, 2444 MHz, 58, 36.42 W
1788674494.915007766,96 %, 2444 MHz, 58, 36.42 W
1788674495.015965580,96 %, 2444 MHz, 58, 36.42 W
1788674495.115664013,96 %, 2444 MHz, 58, 36.42 W
1788674495.215618161,96 %, 2444 MHz, 58, 36.42 W
1788674495.317351124,0 %, 2444 MHz, 56, 32.96 W
1788674495.416038244,0 %, 2444 MHz, 56, 32.96 W
1788674495.516373759,0 %, 2444 MHz, 56, 32.96 W
1788674495.617622889,0 %, 2444 MHz, 56, 32.96 W
1788674495.717362138,0 %, 2444 MHz, 56, 32.96 W
1788674495.818491939,0 %, 2431 MHz, 59, 33.39 W
1788674495.918549193,0 %, 2431 MHz, 59, 33.39 W
1788674496.017957349,0 %, 2431 MHz, 59, 33.39 W
1788674496.118711078,0 %, 2431 MHz, 59, 33.39 W
1788674496.218977232,0 %, 2431 MHz, 59, 33.39 W
1788674496.318523677,82 %, 2437 MHz, 60, 36.75 W
1788674496.419297887,82 %, 2437 MHz, 60, 36.75 W
1788674496.519246019,82 %, 2437 MHz, 60, 36.75 W
1788674496.619022612,82 %, 2437 MHz, 60, 36.75 W
1788674496.719949481,82 %, 2437 MHz, 60, 36.75 W
1788674496.820709018,82 %, 2444 MHz, 56, 35.28 W
1788674496.919937698,82 %, 2444 MHz, 56, 35.28 W
1788674497.020613314,82 %, 2444 MHz, 56, 35.28 W
1788674497.120675320,82 %, 2444 MHz, 56, 35.28 W
1788674497.220443160,82 %, 2444 MHz, 56, 35.28 W
1788674497.321122648,20 %, 2437 MHz, 56, 32.29 W
1788674497.420878296,20 %, 2437 MHz, 56, 32.29 W
1788674497.521023087,20 %, 2437 MHz, 56, 32.29 W
1788674497.621477467,20 %, 2437 MHz, 56, 32.29 W
1788674497.722067801,20 %, 2437 MHz, 56, 32.29 W
1788674497.821501668,20 %, 2437 MHz, 58, 34.52 W
1788674497.923285382,20 %, 2437 MHz, 58, 34.52 W
1788674498.022664592,20 %, 2437 MHz, 58, 34.52 W
1788674498.123703221,20 %, 2437 MHz, 58, 34.52 W
1788674498.224006286,20 %, 2437 MHz, 58, 34.52 W
1788674498.323382167,79 %, 2437 MHz, 59, 37.12 W
1788674498.424294506,79 %, 2437 MHz, 59, 37.12 W
1788674498.524618851,79 %, 2437 MHz, 59, 37.12 W
1788674498.623955196,79 %, 2437 MHz, 59, 37.12 W
1788674498.724790046,79 %, 2437 MHz, 59, 37.12 W
1788674498.825238137,79 %, 2444 MHz, 56, 35.38 W
1788674498.925144283,79 %, 2444 MHz, 56, 35.38 W
1788674499.025793273,79 %, 2444 MHz, 56, 35.38 W
1788674499.125925631,79 %, 2444 MHz, 56, 35.38 W
1788674499.226075173,79 %, 2444 MHz, 56, 35.38 W
1788674499.327221739,19 %, 2437 MHz, 56, 32.27 W
1788674499.426446945,19 %, 2437 MHz, 56, 32.27 W
1788674499.526835611,19 %, 2437 MHz, 56, 32.27 W
1788674499.627595242,19 %, 2437 MHz, 56, 32.27 W
1788674499.727244936,19 %, 2437 MHz, 56, 32.27 W
1788674499.827490991,19 %, 2431 MHz, 60, 34.55 W
1788674499.928240447,19 %, 2431 MHz, 60, 34.55 W
1788674500.027973533,19 %, 2431 MHz, 60, 34.55 W
1788674500.129361463,19 %, 2431 MHz, 60, 34.55 W
1788674500.229489307,19 %, 2431 MHz, 60, 34.55 W
1788674500.328538750,65 %, 2444 MHz, 59, 37.24 W
1788674500.428948728,65 %, 2444 MHz, 59, 37.24 W
1788674500.529761912,65 %, 2444 MHz, 59, 37.24 W
1788674500.628917868,65 %, 2444 MHz, 59, 37.24 W
1788674500.730826782,65 %, 2444 MHz, 59, 37.24 W
1788674500.830443659,65 %, 2444 MHz, 56, 34.76 W
1788674500.930132136,65 %, 2444 MHz, 56, 34.76 W
1788674501.031142763,65 %, 2444 MHz, 56, 34.76 W
1788674501.130577700,65 %, 2444 MHz, 56, 34.76 W
1788674501.230758393,65 %, 2444 MHz, 56, 34.76 W
1788674501.331667610,36 %, 2431 MHz, 57, 32.08 W
1788674501.431210372,36 %, 2431 MHz, 57, 32.08 W
1788674501.532233063,36 %, 2431 MHz, 57, 32.08 W
1788674501.632095895,36 %, 2431 MHz, 57, 32.08 W
1788674501.731855077,36 %, 2431 MHz, 57, 32.08 W
1788674501.832101531,36 %, 2431 MHz, 60, 35.16 W
1788674501.932895690,36 %, 2431 MHz, 60, 35.16 W
1788674502.032462740,36 %, 2431 MHz, 60, 35.16 W
1788674502.133424118,36 %, 2431 MHz, 60, 35.16 W
1788674502.234228916,36 %, 2431 MHz, 60, 35.16 W
1788674502.333162004,57 %, 2444 MHz, 59, 37.51 W
1788674502.434142086,57 %, 2444 MHz, 59, 37.51 W
1788674502.534250617,57 %, 2444 MHz, 59, 37.51 W
1788674502.633634224,57 %, 2444 MHz, 59, 37.51 W
1788674502.734892230,57 %, 2444 MHz, 59, 37.51 W
1788674502.835566995,57 %, 2444 MHz, 56, 34.24 W
1788674502.934518723,57 %, 2444 MHz, 56, 34.24 W
1788674503.035950348,57 %, 2444 MHz, 56, 34.24 W
1788674503.136214209,57 %, 2444 MHz, 56, 34.24 W
1788674503.235504694,57 %, 2444 MHz, 56, 34.24 W
1788674503.336073168,45 %, 2431 MHz, 57, 32.34 W
1788674503.435986703,45 %, 2431 MHz, 57, 32.34 W
1788674503.536169715,45 %, 2431 MHz, 57, 32.34 W
1788674503.636802062,45 %, 2431 MHz, 57, 32.34 W
1788674503.736325319,45 %, 2431 MHz, 57, 32.34 W
1788674503.836873665,45 %, 2431 MHz, 60, 35.57 W
1788674503.937954596,45 %, 2431 MHz, 60, 35.57 W
1788674504.037536429,45 %, 2431 MHz, 60, 35.57 W
1788674504.137442476,45 %, 2431 MHz, 60, 35.57 W
1788674504.238342475,45 %, 2431 MHz, 60, 35.57 W
1788674504.338020486,37 %, 2444 MHz, 58, 36.69 W
1788674504.438164568,37 %, 2444 MHz, 58, 36.69 W
1788674504.539147929,37 %, 2444 MHz, 58, 36.69 W
1788674504.638593840,37 %, 2444 MHz, 58, 36.69 W
1788674504.740144906,37 %, 2444 MHz, 58, 36.69 W
1788674504.840404862,37 %, 2444 MHz, 56, 33.40 W
1788674504.939907334,37 %, 2444 MHz, 56, 33.40 W
1788674505.040521280,37 %, 2444 MHz, 56, 33.40 W
1788674505.141168795,37 %, 2444 MHz, 56, 33.40 W
1788674505.240486447,37 %, 2444 MHz, 56, 33.40 W
1788674505.341306332,65 %, 2431 MHz, 58, 33.25 W
1788674505.442020695,65 %, 2431 MHz, 58, 33.25 W
1788674505.541173177,65 %, 2431 MHz, 58, 33.25 W
1788674505.641743602,65 %, 2431 MHz, 58, 33.25 W
1788674505.741784610,65 %, 2431 MHz, 58, 33.25 W
1788674505.841468124,65 %, 2431 MHz, 60, 36.50 W
1788674505.943127272,65 %, 2431 MHz, 60, 36.50 W
1788674506.042452828,65 %, 2431 MHz, 60, 36.50 W
1788674506.142483755,65 %, 2431 MHz, 60, 36.50 W
1788674506.243914386,65 %, 2431 MHz, 60, 36.50 W
1788674506.343303287,21 %, 2444 MHz, 57, 35.92 W
1788674506.442965184,21 %, 2444 MHz, 57, 35.92 W
1788674506.544266581,21 %, 2444 MHz, 57, 35.92 W
1788674506.644015472,21 %, 2444 MHz, 57, 35.92 W
1788674506.744199442,21 %, 2444 MHz, 57, 35.92 W
1788674506.845183585,21 %, 2437 MHz, 57, 32.06 W
1788674506.944579174,21 %, 2437 MHz, 57, 32.06 W
1788674507.044754487,21 %, 2437 MHz, 57, 32.06 W
1788674507.145450305,21 %, 2437 MHz, 57, 32.06 W
1788674507.245162187,21 %, 2437 MHz, 57, 32.06 W
1788674507.345088696,96 %, 2431 MHz, 60, 34.05 W
1788674507.445848147,96 %, 2431 MHz, 60, 34.05 W
1788674507.544836337,96 %, 2431 MHz, 60, 34.05 W
1788674507.646820352,96 %, 2431 MHz, 60, 34.05 W
1788674507.746759261,96 %, 2431 MHz, 60, 34.05 W
1788674507.845778747,96 %, 2444 MHz, 59, 37.28 W
1788674507.946367396,96 %, 2444 MHz, 59, 37.28 W
1788674508.048022797,96 %, 2444 MHz, 59, 37.28 W
1788674508.146955929,96 %, 2444 MHz, 59, 37.28 W
1788674508.247709747,96 %, 2444 MHz, 59, 37.28 W
1788674508.348750659,0 %, 2444 MHz, 56, 34.25 W
1788674508.448305945,0 %, 2444 MHz, 56, 34.25 W
1788674508.548980034,0 %, 2444 MHz, 56, 34.25 W
1788674508.648116881,0 %, 2444 MHz, 56, 34.25 W
1788674508.748355523,0 %, 2444 MHz, 56, 34.25 W
1788674508.848359265,0 %, 2431 MHz, 58, 32.48 W
1788674508.948523857,0 %, 2431 MHz, 58, 32.48 W
1788674509.048943238,0 %, 2431 MHz, 58, 32.48 W
1788674509.151210921,0 %, 2431 MHz, 58, 32.48 W
1788674509.250080419,0 %, 2431 MHz, 58, 32.48 W
1788674509.350236915,96 %, 2431 MHz, 60, 35.38 W
1788674509.451708553,96 %, 2431 MHz, 60, 35.38 W
1788674509.551201133,96 %, 2431 MHz, 60, 35.38 W
1788674509.651584945,96 %, 2431 MHz, 60, 35.38 W
1788674509.752403724,96 %, 2431 MHz, 60, 35.38 W
1788674509.851812511,96 %, 2444 MHz, 58, 36.25 W
1788674509.952017520,96 %, 2444 MHz, 58, 36.25 W
1788674510.053200272,96 %, 2444 MHz, 58, 36.25 W
1788674510.152613539,96 %, 2444 MHz, 58, 36.25 W
1788674510.253242042,96 %, 2444 MHz, 58, 36.25 W
1788674510.353559356,11 %, 2444 MHz, 56, 32.64 W
1788674510.453099553,11 %, 2444 MHz, 56, 32.64 W
1788674510.553489140,11 %, 2444 MHz, 56, 32.64 W
1788674510.653970441,11 %, 2444 MHz, 56, 32.64 W
1788674510.753161736,11 %, 2444 MHz, 56, 32.64 W
1788674510.853793167,11 %, 2431 MHz, 59, 33.37 W
1788674510.955407766,11 %, 2431 MHz, 59, 33.37 W
1788674511.054570949,11 %, 2431 MHz, 59, 33.37 W
1788674511.155785061,11 %, 2431 MHz, 59, 33.37 W
1788674511.256055685,11 %, 2431 MHz, 59, 33.37 W
1788674511.355716972,74 %, 2437 MHz, 60, 37.26 W
1788674511.456810282,74 %, 2437 MHz, 60, 37.26 W
1788674511.556138251,74 %, 2437 MHz, 60, 37.26 W
1788674511.656503837,74 %, 2437 MHz, 60, 37.26 W
1788674511.758670109,74 %, 2437 MHz, 60, 37.26 W
1788674511.856930236,74 %, 2444 MHz, 56, 34.83 W
1788674511.957061546,74 %, 2444 MHz, 56, 34.83 W
1788674512.057613615,74 %, 2444 MHz, 56, 34.83 W
1788674512.157682988,74 %, 2444 MHz, 56, 34.83 W
1788674512.257654167,74 %, 2444 MHz, 56, 34.83 W
1788674512.358802981,41 %, 2431 MHz, 57, 31.89 W
1788674512.458084981,41 %, 2431 MHz, 57, 31.89 W
1788674512.558453782,41 %, 2431 MHz, 57, 31.89 W
1788674512.659420994,41 %, 2431 MHz, 57, 31.89 W
1788674512.758807939,41 %, 2431 MHz, 57, 31.89 W
1788674512.858888432,41 %, 2431 MHz, 60, 35.23 W
1788674512.960407860,41 %, 2431 MHz, 60, 35.23 W
1788674513.059327821,41 %, 2431 MHz, 60, 35.23 W
1788674513.160529916,41 %, 2431 MHz, 60, 35.23 W
1788674513.261073232,41 %, 2431 MHz, 60, 35.23 W
1788674513.359967240,38 %, 2444 MHz, 58, 36.69 W
1788674513.461283321,38 %, 2444 MHz, 58, 36.69 W
1788674513.560755739,38 %, 2444 MHz, 58, 36.69 W
1788674513.661250767,38 %, 2444 MHz, 58, 36.69 W
1788674513.763133657,38 %, 2444 MHz, 58, 36.69 W
1788674513.862503561,38 %, 2444 MHz, 56, 33.40 W
1788674513.961720919,38 %, 2444 MHz, 56, 33.40 W
1788674514.063344428,38 %, 2444 MHz, 56, 33.40 W
1788674514.163076898,38 %, 2444 MHz, 56, 33.40 W
1788674514.262489795,38 %, 2444 MHz, 56, 33.40 W
1788674514.363683073,72 %, 2431 MHz, 58, 33.42 W
1788674514.462624585,72 %, 2431 MHz, 58, 33.42 W
1788674514.563140540,72 %, 2431 MHz, 58, 33.42 W
1788674514.664429308,72 %, 2431 MHz, 58, 33.42 W
1788674514.763808012,72 %, 2431 MHz, 58, 33.42 W
1788674514.863809110,72 %, 2437 MHz, 60, 36.76 W
1788674514.965323929,72 %, 2437 MHz, 60, 36.76 W
1788674515.064261794,72 %, 2437 MHz, 60, 36.76 W
1788674515.164553568,72 %, 2437 MHz, 60, 36.76 W
1788674515.265958481,72 %, 2437 MHz, 60, 36.76 W
1788674515.364786279,6 %, 2444 MHz, 56, 35.47 W
1788674515.464965556,6 %, 2444 MHz, 56, 35.47 W
1788674515.566360437,6 %, 2444 MHz, 56, 35.47 W
1788674515.665986760,6 %, 2444 MHz, 56, 35.47 W
1788674515.765977426,6 %, 2444 MHz, 56, 35.47 W
1788674515.866974332,6 %, 2431 MHz, 57, 31.78 W
1788674515.966370460,6 %, 2431 MHz, 57, 31.78 W
1788674516.067785436,6 %, 2431 MHz, 57, 31.78 W
1788674516.167722868,6 %, 2431 MHz, 57, 31.78 W
1788674516.267034738,6 %, 2431 MHz, 57, 31.78 W
1788674516.368005563,96 %, 2431 MHz, 61, 35.02 W
1788674516.468175543,96 %, 2431 MHz, 61, 35.02 W
1788674516.567881259,96 %, 2431 MHz, 61, 35.02 W
1788674516.668676338,96 %, 2431 MHz, 61, 35.02 W
1788674516.769448711,96 %, 2431 MHz, 61, 35.02 W
1788674516.868721445,96 %, 2444 MHz, 60, 37.06 W
1788674516.969308039,96 %, 2444 MHz, 60, 37.06 W
1788674517.070225391,96 %, 2444 MHz, 60, 37.06 W
1788674517.169287656,96 %, 2444 MHz, 60, 37.06 W
1788674517.270513333,96 %, 2444 MHz, 60, 37.06 W
1788674517.369764689,0 %, 2444 MHz, 56, 34.13 W
1788674517.469946925,0 %, 2444 MHz, 56, 34.13 W
1788674517.571170089,0 %, 2444 MHz, 56, 34.13 W
1788674517.670351268,0 %, 2444 MHz, 56, 34.13 W
1788674517.771002280,0 %, 2444 MHz, 56, 34.13 W
1788674517.872318870,0 %, 2431 MHz, 58, 32.88 W
1788674517.971389919,0 %, 2431 MHz, 58, 32.88 W
1788674518.071596298,0 %, 2431 MHz, 58, 32.88 W
1788674518.173042458,0 %, 2431 MHz, 58, 32.88 W
1788674518.272000049,0 %, 2431 MHz, 58, 32.88 W
1788674518.372202924,96 %, 2431 MHz, 60, 36.07 W
1788674518.473258118,96 %, 2431 MHz, 60, 36.07 W
1788674518.572639219,96 %, 2431 MHz, 60, 36.07 W
1788674518.673606251,96 %, 2431 MHz, 60, 36.07 W
1788674518.774529171,96 %, 2431 MHz, 60, 36.07 W
1788674518.873419512,96 %, 2444 MHz, 59, 36.15 W
1788674518.974556467,96 %, 2444 MHz, 59, 36.15 W
1788674519.075079363,96 %, 2444 MHz, 59, 36.15 W
1788674519.174147211,96 %, 2444 MHz, 59, 36.15 W
1788674519.275519161,96 %, 2444 MHz, 59, 36.15 W
1788674519.375461535,11 %, 2444 MHz, 57, 32.69 W
1788674519.475175906,11 %, 2444 MHz, 57, 32.69 W
1788674519.576500767,11 %, 2444 MHz, 57, 32.69 W
1788674519.676333348,11 %, 2444 MHz, 57, 32.69 W
1788674519.775649456,11 %, 2444 MHz, 57, 32.69 W
1788674519.876750825,11 %, 2431 MHz, 61, 33.52 W
1788674519.976396059,11 %, 2431 MHz, 61, 33.52 W
1788674520.076632230,11 %, 2431 MHz, 61, 33.52 W
1788674520.177231495,11 %, 2431 MHz, 61, 33.52 W
1788674520.276946361,11 %, 2431 MHz, 61, 33.52 W
1788674520.377136739,63 %, 2444 MHz, 60, 37.26 W
1788674520.478397582,63 %, 2444 MHz, 60, 37.26 W
1788674520.577339011,63 %, 2444 MHz, 60, 37.26 W
1788674520.677839570,63 %, 2444 MHz, 60, 37.26 W
1788674520.778959948,63 %, 2444 MHz, 60, 37.26 W
1788674520.878253895,63 %, 2444 MHz, 56, 33.88 W
1788674520.978415632,63 %, 2444 MHz, 56, 33.88 W
1788674521.079543753,63 %, 2444 MHz, 56, 33.88 W
1788674521.178738082,63 %, 2444 MHz, 56, 33.88 W
1788674521.279126063,63 %, 2444 MHz, 56, 33.88 W
1788674521.380194855,54 %, 2431 MHz, 58, 32.40 W
1788674521.480044666,54 %, 2431 MHz, 58, 32.40 W
1788674521.580184547,54 %, 2431 MHz, 58, 32.40 W
1788674521.681437310,54 %, 2431 MHz, 58, 32.40 W
1788674521.780368194,54 %, 2431 MHz, 60, 35.46 W
1788674521.880925794,54 %, 2431 MHz, 60, 35.46 W
1788674521.981717845,54 %, 2431 MHz, 60, 35.46 W
1788674522.081289684,54 %, 2431 MHz, 60, 35.46 W
1788674522.182634703,54 %, 2431 MHz, 60, 35.46 W
1788674522.282473378,18 %, 2444 MHz, 60, 35.97 W
1788674522.382121314,18 %, 2444 MHz, 57, 35.97 W
1788674522.483048695,18 %, 2444 MHz, 57, 35.97 W
1788674522.583589430,18 %, 2444 MHz, 57, 35.97 W
1788674522.683277398,18 %, 2444 MHz, 57, 35.97 W
1788674522.784449759,18 %, 2437 MHz, 57, 32.42 W
1788674522.884384900,18 %, 2437 MHz, 57, 32.42 W
1788674522.983251911,18 %, 2437 MHz, 57, 32.42 W
1788674523.084968792,18 %, 2437 MHz, 57, 32.42 W
1788674523.185539511,18 %, 2437 MHz, 57, 32.42 W
1788674523.284650701,96 %, 2431 MHz, 61, 34.24 W
1788674523.385522944,96 %, 2431 MHz, 61, 34.24 W
1788674523.485154447,96 %, 2431 MHz, 61, 34.24 W
1788674523.585310007,96 %, 2431 MHz, 61, 34.24 W
1788674523.686306093,96 %, 2431 MHz, 61, 34.24 W
1788674523.785837578,96 %, 2444 MHz, 60, 37.10 W
1788674523.885974961,96 %, 2444 MHz, 60, 37.10 W
1788674523.986643665,96 %, 2444 MHz, 60, 37.10 W
1788674524.086383538,96 %, 2444 MHz, 60, 37.10 W
1788674524.186583433,96 %, 2444 MHz, 60, 37.10 W
1788674524.287975701,0 %, 2444 MHz, 56, 34.10 W
1788674524.387030826,0 %, 2444 MHz, 56, 34.10 W
1788674524.487171760,0 %, 2444 MHz, 56, 34.10 W
1788674524.588685710,0 %, 2444 MHz, 56, 34.10 W
1788674524.687987335,0 %, 2444 MHz, 56, 34.10 W
1788674524.787773224,0 %, 2431 MHz, 58, 32.67 W
1788674524.889419111,0 %, 2431 MHz, 58, 32.67 W
1788674524.988556318,0 %, 2431 MHz, 58, 32.67 W
1788674525.088523089,0 %, 2431 MHz, 58, 32.67 W
1788674525.189337010,0 %, 2431 MHz, 58, 32.67 W
1788674525.289176948,96 %, 2431 MHz, 60, 36.20 W
1788674525.390217689,96 %, 2431 MHz, 60, 36.20 W
1788674525.490181772,96 %, 2431 MHz, 60, 36.20 W
1788674525.589878171,96 %, 2431 MHz, 60, 36.20 W
1788674525.691299238,96 %, 2431 MHz, 60, 36.20 W
1788674525.791461005,96 %, 2444 MHz, 59, 36.38 W
1788674525.890506785,96 %, 2444 MHz, 59, 36.38 W
1788674525.991720601,96 %, 2444 MHz, 59, 36.38 W
1788674526.091890895,96 %, 2444 MHz, 59, 36.38 W
1788674526.191240744,96 %, 2444 MHz, 59, 36.38 W
1788674526.291834725,96 %, 2444 MHz, 59, 32.80 W
1788674526.393024396,11 %, 2444 MHz, 57, 32.80 W
1788674526.492017967,11 %, 2444 MHz, 57, 32.80 W
1788674526.593382936,11 %, 2444 MHz, 57, 32.80 W
1788674526.692951317,11 %, 2444 MHz, 57, 32.80 W
1788674526.793125947,11 %, 2431 MHz, 61, 34.01 W
1788674526.894483301,11 %, 2431 MHz, 61, 34.01 W
1788674526.993298468,11 %, 2431 MHz, 61, 34.01 W
1788674527.093884353,11 %, 2431 MHz, 61, 34.01 W
1788674527.194552463,11 %, 2431 MHz, 61, 34.01 W
1788674527.294317230,62 %, 2444 MHz, 60, 37.44 W
1788674527.394474083,62 %, 2444 MHz, 60, 37.44 W
1788674527.495957902,62 %, 2444 MHz, 60, 37.44 W
1788674527.595019569,62 %, 2444 MHz, 60, 37.44 W
1788674527.695175911,62 %, 2444 MHz, 60, 37.44 W
1788674527.796324396,62 %, 2444 MHz, 56, 34.44 W
1788674527.896038571,62 %, 2444 MHz, 56, 34.44 W
1788674527.995998973,62 %, 2444 MHz, 56, 34.44 W
1788674528.097124081,62 %, 2444 MHz, 56, 34.44 W
1788674528.196538906,62 %, 2444 MHz, 56, 34.44 W
1788674528.297340873,53 %, 2431 MHz, 58, 32.52 W
1788674528.397765539,53 %, 2431 MHz, 58, 32.52 W
1788674528.497223004,53 %, 2431 MHz, 58, 32.52 W
1788674528.598751735,53 %, 2431 MHz, 58, 32.52 W
1788674528.698565222,53 %, 2431 MHz, 58, 32.52 W
1788674528.797938334,53 %, 2431 MHz, 61, 35.92 W
1788674528.899390376,53 %, 2431 MHz, 61, 35.92 W
1788674528.999376666,53 %, 2431 MHz, 61, 35.92 W
1788674529.098532910,53 %, 2431 MHz, 61, 35.92 W
1788674529.199338509,53 %, 2431 MHz, 61, 35.92 W
1788674529.300184989,27 %, 2444 MHz, 58, 36.52 W
1788674529.399163613,27 %, 2444 MHz, 58, 36.52 W
1788674529.500709064,27 %, 2444 MHz, 58, 36.52 W
1788674529.600146305,27 %, 2444 MHz, 58, 36.52 W
1788674529.700513496,27 %, 2444 MHz, 58, 36.52 W
1788674529.801488506,27 %, 2444 MHz, 57, 33.03 W
1788674529.900942963,27 %, 2444 MHz, 57, 33.03 W
1788674530.000969973,27 %, 2444 MHz, 57, 33.03 W
1788674530.101721826,27 %, 2444 MHz, 57, 33.03 W
1788674530.201365438,27 %, 2444 MHz, 57, 33.03 W
1788674530.301860471,84 %, 2431 MHz, 59, 33.93 W
1788674530.402451489,84 %, 2431 MHz, 59, 33.93 W
1788674530.502218271,84 %, 2431 MHz, 59, 33.93 W
1788674530.602310241,84 %, 2431 MHz, 59, 33.93 W
1788674530.703968222,84 %, 2431 MHz, 59, 33.93 W
1788674530.803130225,84 %, 2437 MHz, 61, 37.28 W
1788674530.902539208,84 %, 2437 MHz, 61, 37.28 W
1788674531.003311846,84 %, 2437 MHz, 61, 37.28 W
1788674531.103076915,84 %, 2437 MHz, 61, 37.28 W
1788674531.203927297,84 %, 2437 MHz, 61, 37.28 W
1788674531.304586492,1 %, 2444 MHz, 56, 35.19 W
1788674531.404441211,1 %, 2444 MHz, 56, 35.19 W
1788674531.505529405,1 %, 2444 MHz, 56, 35.19 W
1788674531.605478685,1 %, 2444 MHz, 56, 35.19 W
1788674531.705360443,1 %, 2444 MHz, 56, 35.19 W
1788674531.806610960,1 %, 2431 MHz, 57, 32.08 W
1788674531.906851445,1 %, 2431 MHz, 57, 32.08 W
1788674532.006335149,1 %, 2431 MHz, 57, 32.08 W
1788674532.107487024,1 %, 2431 MHz, 57, 32.08 W
1788674532.206724131,1 %, 2431 MHz, 57, 32.08 W
1788674532.306679922,96 %, 2431 MHz, 61, 35.16 W
1788674532.407897318,96 %, 2431 MHz, 61, 35.16 W
1788674532.507302476,96 %, 2431 MHz, 61, 35.16 W
1788674532.607257387,96 %, 2431 MHz, 61, 35.16 W
1788674532.708595170,96 %, 2431 MHz, 61, 35.16 W
1788674532.807654274,96 %, 2444 MHz, 60, 37.09 W
1788674532.908459407,96 %, 2444 MHz, 60, 37.09 W
1788674533.009470464,96 %, 2444 MHz, 60, 37.09 W
1788674533.108647409,96 %, 2444 MHz, 60, 37.09 W
1788674533.209042471,96 %, 2444 MHz, 60, 37.09 W
1788674533.309950230,0 %, 2444 MHz, 57, 33.83 W
1788674533.409217353,0 %, 2444 MHz, 57, 33.83 W
1788674533.509635231,0 %, 2444 MHz, 57, 33.83 W
1788674533.610679136,0 %, 2444 MHz, 57, 33.83 W
1788674533.709972515,0 %, 2444 MHz, 57, 33.83 W
1788674533.811077333,0 %, 2431 MHz, 58, 33.21 W
1788674533.911258039,0 %, 2431 MHz, 58, 33.21 W
1788674534.010875408,0 %, 2431 MHz, 58, 33.21 W
1788674534.112089667,0 %, 2431 MHz, 58, 33.21 W
1788674534.212137619,0 %, 2431 MHz, 58, 33.21 W
1788674534.311185330,90 %, 2431 MHz, 61, 36.45 W
1788674534.411941981,90 %, 2431 MHz, 61, 36.45 W
1788674534.512479621,90 %, 2431 MHz, 61, 36.45 W
1788674534.611864121,90 %, 2431 MHz, 61, 36.45 W
1788674534.713089148,90 %, 2431 MHz, 61, 36.45 W
1788674534.813467761,90 %, 2444 MHz, 57, 35.16 W
1788674534.912769573,90 %, 2444 MHz, 57, 35.16 W
1788674535.013847509,90 %, 2444 MHz, 57, 35.16 W
1788674535.114121896,90 %, 2444 MHz, 57, 35.16 W
1788674535.213356618,90 %, 2444 MHz, 57, 35.16 W
1788674535.314400905,28 %, 2437 MHz, 59, 32.19 W
1788674535.414113987,28 %, 2437 MHz, 59, 32.19 W
1788674535.514326308,28 %, 2437 MHz, 59, 32.19 W
1788674535.615134880,28 %, 2437 MHz, 59, 32.19 W
1788674535.715027948,28 %, 2437 MHz, 59, 32.19 W
1788674535.814994074,28 %, 2431 MHz, 61, 34.22 W
1788674535.916477617,28 %, 2431 MHz, 61, 34.22 W
1788674536.015315916,28 %, 2431 MHz, 61, 34.22 W
1788674536.115751233,28 %, 2431 MHz, 61, 34.22 W
1788674536.216994051,28 %, 2431 MHz, 61, 34.22 W
1788674536.315976176,56 %, 2444 MHz, 59, 37.12 W
1788674536.416345587,56 %, 2444 MHz, 59, 37.12 W
1788674536.517137294,56 %, 2444 MHz, 59, 37.12 W
1788674536.616640052,56 %, 2444 MHz, 59, 37.12 W
1788674536.717958183,56 %, 2444 MHz, 59, 37.12 W
1788674536.817793138,56 %, 2444 MHz, 60, 34.27 W
1788674536.917441450,56 %, 2444 MHz, 60, 34.27 W
1788674537.018640971,56 %, 2444 MHz, 60, 34.27 W
1788674537.118562615,56 %, 2444 MHz, 60, 34.27 W
1788674537.217938154,56 %, 2444 MHz, 60, 34.27 W
1788674537.319205532,54 %, 2431 MHz, 58, 32.63 W
1788674537.419217241,54 %, 2431 MHz, 58, 32.63 W
1788674537.519294631,54 %, 2431 MHz, 58, 32.63 W
1788674537.619740956,54 %, 2431 MHz, 58, 32.63 W
1788674537.720127679,54 %, 2431 MHz, 58, 32.63 W
1788674537.819727174,54 %, 2431 MHz, 61, 35.91 W
1788674537.921379854,54 %, 2431 MHz, 61, 35.91 W
1788674538.020127447,54 %, 2431 MHz, 61, 35.91 W
1788674538.120311414,54 %, 2431 MHz, 61, 35.91 W
1788674538.221123408,54 %, 2431 MHz, 61, 35.91 W
1788674538.320801463,96 %, 2444 MHz, 61, 36.39 W
1788674538.421170698,96 %, 2444 MHz, 61, 36.39 W
1788674538.521645470,96 %, 2444 MHz, 61, 36.39 W
1788674538.621459848,96 %, 2444 MHz, 61, 36.39 W
1788674538.721637383,96 %, 2444 MHz, 61, 36.39 W
1788674538.823259135,96 %, 2444 MHz, 60, 33.14 W
1788674538.922277739,96 %, 2444 MHz, 60, 33.14 W
1788674539.022224583,96 %, 2444 MHz, 60, 33.14 W
1788674539.123744060,96 %, 2444 MHz, 60, 33.14 W
1788674539.221654597,96 %, 2444 MHz, 60, 33.14 W
1788674539.321879349,77 %, 2431 MHz, 59, 33.95 W
1788674539.422416986,77 %, 2431 MHz, 59, 33.95 W
1788674539.523322949,77 %, 2431 MHz, 59, 33.95 W
1788674539.624096349,77 %, 2431 MHz, 59, 33.95 W
1788674539.724245772,77 %, 2431 MHz, 59, 33.95 W
1788674539.823810577,77 %, 2437 MHz, 60, 37.24 W
1788674539.924839726,77 %, 2437 MHz, 60, 37.24 W
1788674540.025465572,77 %, 2437 MHz, 60, 37.24 W
1788674540.124406606,77 %, 2437 MHz, 60, 37.24 W
1788674540.225884034,77 %, 2437 MHz, 60, 37.24 W
1788674540.325827516,95 %, 2444 MHz, 61, 35.27 W
1788674540.425448001,95 %, 2444 MHz, 61, 35.27 W
1788674540.526553183,95 %, 2444 MHz, 61, 35.27 W
1788674540.625978881,95 %, 2444 MHz, 61, 35.27 W
1788674540.726478661,95 %, 2444 MHz, 61, 35.27 W
1788674540.827215996,95 %, 2437 MHz, 59, 32.00 W
1788674540.927038581,95 %, 2437 MHz, 59, 32.00 W
1788674541.027207923,95 %, 2437 MHz, 59, 32.00 W
1788674541.127661349,95 %, 2437 MHz, 59, 32.00 W
1788674541.227360683,95 %, 2437 MHz, 59, 32.00 W
1788674541.327552713,96 %, 2431 MHz, 57, 35.17 W
1788674541.429245024,96 %, 2431 MHz, 57, 35.17 W
1788674541.528050663,96 %, 2431 MHz, 57, 35.17 W
1788674541.628237317,96 %, 2431 MHz, 57, 35.17 W
1788674541.730032653,96 %, 2431 MHz, 57, 35.17 W
1788674541.828623761,96 %, 2444 MHz, 61, 37.37 W
1788674541.929715838,96 %, 2444 MHz, 61, 37.37 W
1788674542.029700521,96 %, 2444 MHz, 61, 37.37 W
1788674542.129202747,96 %, 2444 MHz, 61, 37.37 W
1788674542.231183590,96 %, 2444 MHz, 61, 37.37 W
1788674542.331193008,68 %, 2444 MHz, 60, 34.86 W
1788674542.430555392,68 %, 2444 MHz, 60, 34.86 W
1788674542.531374392,68 %, 2444 MHz, 60, 34.86 W
1788674542.631517844,68 %, 2444 MHz, 60, 34.86 W
1788674542.730968342,68 %, 2444 MHz, 60, 34.86 W
1788674542.831360263,68 %, 2431 MHz, 57, 33.01 W
1788674542.932491044,68 %, 2431 MHz, 57, 33.01 W
1788674543.031608991,68 %, 2431 MHz, 57, 33.01 W
1788674543.132455591,68 %, 2431 MHz, 57, 33.01 W
1788674543.232198172,68 %, 2431 MHz, 57, 33.01 W
1788674543.332204550,2 %, 2463 MHz, 58, 39.71 W
1788674543.432403363,2 %, 2463 MHz, 58, 39.71 W
1788674543.532665601,2 %, 2463 MHz, 58, 39.71 W
1788674543.632848702,2 %, 2463 MHz, 58, 39.71 W
1788674543.732996906,2 %, 2463 MHz, 58, 39.71 W
1788674543.833189047,2 %, 2398 MHz, 56, 29.91 W
1788674543.934293219,2 %, 2398 MHz, 56, 29.91 W
1788674544.034858134,2 %, 2398 MHz, 56, 29.91 W
1788674544.134655948,2 %, 2398 MHz, 56, 29.91 W
1788674544.234929818,2 %, 2398 MHz, 56, 29.91 W
1788674544.335018693,96 %, 2463 MHz, 65, 43.05 W
1788674544.435803355,96 %, 2463 MHz, 65, 43.05 W
1788674544.535628817,96 %, 2463 MHz, 65, 43.05 W
1788674544.635636554,96 %, 2463 MHz, 65, 43.05 W
1788674544.736777782,96 %, 2463 MHz, 65, 43.05 W
1788674544.836473803,96 %, 2457 MHz, 65, 73.30 W
1788674544.937133903,96 %, 2457 MHz, 65, 73.30 W
1788674545.036634272,96 %, 2457 MHz, 65, 73.30 W
1788674545.138259555,96 %, 2457 MHz, 65, 73.30 W
1788674545.237321324,96 %, 2457 MHz, 65, 73.30 W
1788674545.338191427,96 %, 2450 MHz, 67, 78.45 W
1788674545.438709764,96 %, 2450 MHz, 67, 78.45 W
1788674545.538173972,96 %, 2450 MHz, 67, 78.45 W
1788674545.638360992,96 %, 2450 MHz, 67, 78.45 W
1788674545.738163670,96 %, 2450 MHz, 67, 78.45 W
1788674545.838963371,96 %, 2437 MHz, 57, 61.93 W
1788674545.939100406,96 %, 2437 MHz, 57, 61.93 W
1788674546.039125983,96 %, 2437 MHz, 57, 61.93 W
1788674546.139474365,96 %, 2437 MHz, 57, 61.93 W
1788674546.239090575,96 %, 2437 MHz, 57, 61.93 W
1788674546.339856884,2 %, 2398 MHz, 56, 28.19 W
1788674546.440038703,2 %, 2398 MHz, 56, 28.19 W
1788674546.539611232,2 %, 2398 MHz, 56, 28.19 W
1788674546.639859884,2 %, 2398 MHz, 56, 28.19 W
1788674546.739984198,2 %, 2398 MHz, 56, 28.19 W
1788674546.840463302,2 %, 2398 MHz, 56, 13.85 W
1788674546.940616321,2 %, 2398 MHz, 56, 13.85 W
1788674547.040517863,2 %, 2398 MHz, 56, 13.85 W
1788674547.142080584,2 %, 2398 MHz, 56, 13.85 W
1788674547.242410853,2 %, 2398 MHz, 56, 13.85 W
1788674547.342647169,82 %, 2398 MHz, 59, 19.72 W
1788674547.443091168,82 %, 2398 MHz, 59, 19.72 W
1788674547.542433005,82 %, 2398 MHz, 59, 19.72 W
1788674547.643020990,82 %, 2398 MHz, 59, 19.72 W
1788674547.743337851,82 %, 2398 MHz, 59, 19.72 W
1788674547.842918139,82 %, 2457 MHz, 65, 51.29 W
1788674547.943894963,82 %, 2457 MHz, 65, 51.29 W
1788674548.043948795,82 %, 2457 MHz, 65, 51.29 W
1788674548.143822416,82 %, 2457 MHz, 65, 51.29 W
1788674548.244864552,82 %, 2457 MHz, 65, 51.29 W
1788674548.344319910,96 %, 2457 MHz, 66, 77.33 W
1788674548.444830246,96 %, 2457 MHz, 66, 77.33 W
1788674548.545168290,96 %, 2457 MHz, 66, 77.33 W
1788674548.645520159,96 %, 2457 MHz, 66, 77.33 W
1788674548.745219041,96 %, 2457 MHz, 66, 77.33 W
1788674548.845610495,96 %, 2450 MHz, 59, 74.06 W
1788674548.945577893,96 %, 2450 MHz, 59, 74.06 W
1788674549.046033412,96 %, 2450 MHz, 59, 74.06 W
1788674549.146227917,96 %, 2450 MHz, 59, 74.06 W
1788674549.246405847,96 %, 2450 MHz, 59, 74.06 W
1788674549.346614977,3 %, 2398 MHz, 57, 40.94 W
1788674549.446739785,3 %, 2398 MHz, 57, 40.94 W
1788674549.547107254,3 %, 2398 MHz, 57, 40.94 W
1788674549.646818775,3 %, 2398 MHz, 57, 40.94 W
1788674549.747485257,3 %, 2398 MHz, 57, 40.94 W
1788674549.847704115,3 %, 2398 MHz, 56, 13.86 W
1788674549.948882973,3 %, 2398 MHz, 56, 13.86 W
1788674550.048910579,3 %, 2398 MHz, 56, 13.86 W
1788674550.148316304,3 %, 2398 MHz, 56, 13.86 W
1788674550.248467928,3 %, 2398 MHz, 56, 13.86 W
1788674550.350109881,27 %, 2463 MHz, 60, 25.86 W
1788674550.448849354,27 %, 2463 MHz, 60, 25.86 W
1788674550.549206758,27 %, 2463 MHz, 60, 25.86 W
1788674550.651963337,27 %, 2463 MHz, 60, 25.86 W
1788674550.749800348,27 %, 2463 MHz, 60, 25.86 W
1788674550.849892947,27 %, 2431 MHz, 58, 36.97 W
1788674550.951518884,27 %, 2431 MHz, 58, 36.97 W
1788674551.050783085,27 %, 2431 MHz, 58, 36.97 W
1788674551.152396269,27 %, 2431 MHz, 58, 36.97 W
1788674551.250815177,27 %, 2431 MHz, 58, 36.97 W
1788674551.350609931,91 %, 2444 MHz, 62, 37.29 W
1788674551.450941926,91 %, 2444 MHz, 62, 37.29 W
1788674551.550835609,91 %, 2444 MHz, 62, 37.29 W
1788674551.650934992,91 %, 2444 MHz, 62, 37.29 W
1788674551.752945879,91 %, 2444 MHz, 62, 37.29 W
1788674551.853029870,91 %, 2444 MHz, 61, 34.90 W
1788674551.952438121,91 %, 2444 MHz, 61, 34.90 W
1788674552.053768564,91 %, 2444 MHz, 61, 34.90 W
1788674552.152884810,91 %, 2444 MHz, 61, 34.90 W
1788674552.253226645,91 %, 2444 MHz, 61, 34.90 W
1788674552.354031175,0 %, 2431 MHz, 57, 31.97 W
1788674552.453642613,0 %, 2431 MHz, 57, 31.97 W
1788674552.553854894,0 %, 2431 MHz, 57, 31.97 W
1788674552.654958773,0 %, 2431 MHz, 57, 31.97 W
1788674552.754190333,0 %, 2431 MHz, 57, 31.97 W
1788674552.854487527,0 %, 2431 MHz, 58, 35.40 W
1788674552.956315130,0 %, 2431 MHz, 58, 35.40 W
1788674553.055338958,0 %, 2431 MHz, 58, 35.40 W
1788674553.155733881,0 %, 2431 MHz, 58, 35.40 W
1788674553.256563947,0 %, 2431 MHz, 58, 35.40 W
1788674553.356023654,96 %, 2444 MHz, 61, 37.54 W
1788674553.456871577,96 %, 2444 MHz, 61, 37.54 W
1788674553.557118529,96 %, 2444 MHz, 61, 37.54 W
1788674553.656870945,96 %, 2444 MHz, 61, 37.54 W
1788674553.757784725,96 %, 2444 MHz, 61, 37.54 W
1788674553.858017869,96 %, 2444 MHz, 60, 34.12 W
1788674553.957284133,96 %, 2444 MHz, 60, 34.12 W
1788674554.058250745,96 %, 2444 MHz, 60, 34.12 W
1788674554.159143099,96 %, 2444 MHz, 60, 34.12 W
1788674554.258089758,96 %, 2444 MHz, 60, 34.12 W
1788674554.359296565,0 %, 2431 MHz, 57, 32.96 W
1788674554.458491580,0 %, 2431 MHz, 57, 32.96 W
1788674554.558655506,0 %, 2431 MHz, 57, 32.96 W
1788674554.660097854,0 %, 2431 MHz, 57, 32.96 W
1788674554.759111553,0 %, 2431 MHz, 57, 32.96 W
1788674554.860006404,0 %, 2437 MHz, 58, 35.88 W
1788674554.960596801,0 %, 2437 MHz, 58, 35.88 W
1788674555.060210446,0 %, 2437 MHz, 58, 35.88 W
1788674555.160397157,0 %, 2437 MHz, 58, 35.88 W
1788674555.261624620,0 %, 2437 MHz, 58, 35.88 W
1788674555.360859747,96 %, 2444 MHz, 61, 36.49 W
1788674555.461036425,96 %, 2444 MHz, 61, 36.49 W
1788674555.562256896,96 %, 2444 MHz, 61, 36.49 W
1788674555.661584904,96 %, 2444 MHz, 61, 36.49 W
1788674555.761657709,96 %, 2444 MHz, 61, 36.49 W
1788674555.862496254,96 %, 2437 MHz, 60, 33.13 W
1788674555.962073546,96 %, 2437 MHz, 60, 33.13 W
1788674556.062998348,96 %, 2437 MHz, 60, 33.13 W
1788674556.163200370,96 %, 2437 MHz, 60, 33.13 W
1788674556.262837503,96 %, 2437 MHz, 60, 33.13 W
1788674556.364291769,3 %, 2431 MHz, 58, 33.88 W
1788674556.463701363,3 %, 2431 MHz, 58, 33.88 W
1788674556.563636500,3 %, 2431 MHz, 58, 33.88 W
1788674556.664986205,3 %, 2431 MHz, 58, 33.88 W
1788674556.765091585,3 %, 2431 MHz, 58, 33.88 W
1788674556.864017538,3 %, 2444 MHz, 60, 37.21 W
1788674556.965113879,3 %, 2444 MHz, 60, 37.21 W
1788674557.065092569,3 %, 2444 MHz, 60, 37.21 W
1788674557.165259358,3 %, 2444 MHz, 60, 37.21 W
1788674557.266018141,3 %, 2444 MHz, 60, 37.21 W
1788674557.365549335,93 %, 2444 MHz, 61, 35.59 W
1788674557.465735036,93 %, 2444 MHz, 61, 35.59 W
1788674557.566592316,93 %, 2444 MHz, 61, 35.59 W
1788674557.666103927,93 %, 2444 MHz, 61, 35.59 W
1788674557.766296492,93 %, 2444 MHz, 61, 35.59 W
1788674557.867281662,93 %, 2431 MHz, 58, 32.75 W
1788674557.966711431,93 %, 2431 MHz, 58, 32.75 W
1788674558.067599799,93 %, 2431 MHz, 58, 32.75 W
1788674558.167757020,93 %, 2431 MHz, 58, 32.75 W
1788674558.267327270,93 %, 2431 MHz, 58, 32.75 W
1788674558.368611757,11 %, 2431 MHz, 58, 33.90 W
1788674558.468722672,11 %, 2431 MHz, 58, 33.90 W
1788674558.568161497,11 %, 2431 MHz, 58, 33.90 W
1788674558.668974840,11 %, 2431 MHz, 58, 33.90 W
1788674558.769993978,11 %, 2431 MHz, 58, 33.90 W
1788674558.868878313,11 %, 2444 MHz, 61, 37.53 W
1788674558.970588135,11 %, 2444 MHz, 61, 37.53 W
1788674559.069256946,11 %, 2444 MHz, 61, 37.53 W
1788674559.169475959,11 %, 2444 MHz, 61, 37.53 W
1788674559.270906592,11 %, 2444 MHz, 61, 37.53 W
1788674559.370262486,77 %, 2444 MHz, 61, 34.93 W
1788674559.470464123,77 %, 2444 MHz, 61, 34.93 W
1788674559.571797201,77 %, 2444 MHz, 61, 34.93 W
1788674559.670879172,77 %, 2444 MHz, 61, 34.93 W
1788674559.771052919,77 %, 2444 MHz, 61, 34.93 W
1788674559.872431071,77 %, 2431 MHz, 57, 32.19 W
1788674559.971420608,77 %, 2431 MHz, 57, 32.19 W
1788674560.071749622,77 %, 2431 MHz, 57, 32.19 W
1788674560.173072556,77 %, 2431 MHz, 57, 32.19 W
1788674560.272216527,77 %, 2431 MHz, 57, 32.19 W
1788674560.373651286,26 %, 2431 MHz, 58, 34.73 W
1788674560.473660263,26 %, 2431 MHz, 58, 34.73 W
1788674560.572907163,26 %, 2431 MHz, 58, 34.73 W
1788674560.674886988,26 %, 2431 MHz, 58, 34.73 W
1788674560.773825628,26 %, 2431 MHz, 58, 34.73 W
1788674560.873587128,26 %, 2444 MHz, 62, 37.65 W
1788674560.974407670,26 %, 2444 MHz, 62, 37.65 W
1788674561.075274949,26 %, 2444 MHz, 62, 37.65 W
1788674561.174192675,26 %, 2444 MHz, 62, 37.65 W
1788674561.275813453,26 %, 2444 MHz, 62, 37.65 W
1788674561.375072625,68 %, 2444 MHz, 61, 34.35 W
1788674561.475483432,68 %, 2444 MHz, 61, 34.35 W
1788674561.576446632,68 %, 2444 MHz, 61, 34.35 W
1788674561.675650027,68 %, 2444 MHz, 61, 34.35 W
1788674561.775948880,68 %, 2444 MHz, 61, 34.35 W
1788674561.877497337,68 %, 2431 MHz, 57, 32.65 W
1788674561.976339974,68 %, 2431 MHz, 57, 32.65 W
1788674562.076515561,68 %, 2431 MHz, 57, 32.65 W
1788674562.177896895,68 %, 2431 MHz, 57, 32.65 W
1788674562.277007216,68 %, 2431 MHz, 57, 32.65 W
1788674562.378059920,32 %, 2431 MHz, 58, 35.50 W
1788674562.478729963,32 %, 2431 MHz, 58, 35.50 W
1788674562.577802171,32 %, 2431 MHz, 58, 35.50 W
1788674562.678933645,32 %, 2431 MHz, 58, 35.50 W
1788674562.778490085,32 %, 2431 MHz, 58, 35.50 W
1788674562.878872683,32 %, 2444 MHz, 62, 37.53 W
1788674562.979562182,32 %, 2444 MHz, 62, 37.53 W
1788674563.079856890,32 %, 2444 MHz, 62, 37.53 W
1788674563.179463314,32 %, 2444 MHz, 62, 37.53 W
1788674563.280615844,32 %, 2444 MHz, 62, 37.53 W
1788674563.380034906,55 %, 2444 MHz, 60, 34.28 W
1788674563.480124170,55 %, 2444 MHz, 60, 34.28 W
1788674563.581048760,55 %, 2444 MHz, 60, 34.28 W
1788674563.680977846,55 %, 2444 MHz, 60, 34.28 W
1788674563.780742929,55 %, 2444 MHz, 60, 34.28 W
1788674563.882404107,55 %, 2431 MHz, 57, 32.89 W
1788674563.981111061,55 %, 2431 MHz, 57, 32.89 W
1788674564.081299639,55 %, 2431 MHz, 57, 32.89 W
1788674564.182341606,55 %, 2431 MHz, 57, 32.89 W
1788674564.282122673,55 %, 2431 MHz, 57, 32.89 W
1788674564.382915436,58 %, 2437 MHz, 59, 36.11 W
1788674564.483584486,58 %, 2437 MHz, 59, 36.11 W
1788674564.583187214,58 %, 2437 MHz, 59, 36.11 W
1788674564.683593811,58 %, 2437 MHz, 59, 36.11 W
1788674564.784311757,58 %, 2437 MHz, 59, 36.11 W
1788674564.883869812,58 %, 2444 MHz, 62, 36.09 W
1788674564.985530126,58 %, 2444 MHz, 62, 36.09 W
1788674565.085386585,58 %, 2444 MHz, 62, 36.09 W
1788674565.184596362,58 %, 2444 MHz, 62, 36.09 W
1788674565.285788332,58 %, 2444 MHz, 62, 36.09 W
1788674565.385863883,19 %, 2431 MHz, 57, 32.77 W
1788674565.485262431,19 %, 2431 MHz, 57, 32.77 W
1788674565.586567426,19 %, 2431 MHz, 57, 32.77 W
1788674565.687231195,19 %, 2431 MHz, 57, 32.77 W
1788674565.785939140,19 %, 2431 MHz, 57, 32.77 W
1788674565.887495179,19 %, 2431 MHz, 58, 34.49 W
1788674565.987766733,19 %, 2431 MHz, 58, 34.49 W
1788674566.087001310,19 %, 2431 MHz, 58, 34.49 W
1788674566.188336865,19 %, 2431 MHz, 58, 34.49 W
1788674566.287429840,19 %, 2431 MHz, 58, 34.49 W
1788674566.387814004,81 %, 2444 MHz, 59, 37.49 W
1788674566.488763424,81 %, 2444 MHz, 59, 37.49 W
1788674566.587982769,81 %, 2444 MHz, 59, 37.49 W
1788674566.688351973,81 %, 2444 MHz, 59, 37.49 W
1788674566.789479668,81 %, 2444 MHz, 59, 37.49 W
1788674566.888862008,81 %, 2444 MHz, 61, 35.54 W
1788674566.988722803,81 %, 2444 MHz, 61, 35.54 W
1788674567.090401019,81 %, 2444 MHz, 61, 35.54 W
1788674567.189426440,81 %, 2444 MHz, 61, 35.54 W
1788674567.290519127,81 %, 2444 MHz, 61, 35.54 W
1788674567.391265280,4 %, 2431 MHz, 57, 32.13 W
1788674567.490062825,4 %, 2431 MHz, 57, 32.13 W
1788674567.591654096,4 %, 2431 MHz, 57, 32.13 W
1788674567.692066339,4 %, 2431 MHz, 57, 32.13 W
1788674567.791833628,4 %, 2431 MHz, 57, 32.13 W
1788674567.892141838,4 %, 2431 MHz, 58, 34.75 W
1788674567.992367487,4 %, 2431 MHz, 58, 34.75 W
1788674568.091774353,4 %, 2431 MHz, 58, 34.75 W
1788674568.191523706,4 %, 2431 MHz, 58, 34.75 W
1788674568.292523542,4 %, 2431 MHz, 58, 34.75 W
1788674568.391383968,96 %, 2444 MHz, 62, 37.59 W
1788674568.492410653,96 %, 2444 MHz, 62, 37.59 W
1788674568.592051012,96 %, 2444 MHz, 62, 37.59 W
1788674568.692877213,96 %, 2444 MHz, 62, 37.59 W
1788674568.793824297,96 %, 2444 MHz, 62, 37.59 W
1788674568.893854486,96 %, 2444 MHz, 60, 34.53 W
1788674568.993863250,96 %, 2444 MHz, 60, 34.53 W
1788674569.094892239,96 %, 2444 MHz, 60, 34.53 W
1788674569.194211472,96 %, 2444 MHz, 60, 34.53 W
1788674569.294392110,96 %, 2444 MHz, 60, 34.53 W
1788674569.395512108,0 %, 2431 MHz, 57, 32.68 W
1788674569.494411590,0 %, 2431 MHz, 57, 32.68 W
1788674569.594534932,0 %, 2431 MHz, 57, 32.68 W
1788674569.694893526,0 %, 2431 MHz, 57, 32.68 W
1788674569.794917202,0 %, 2431 MHz, 57, 32.68 W
1788674569.895627065,0 %, 2431 MHz, 58, 35.85 W
1788674569.996935514,0 %, 2431 MHz, 58, 35.85 W
1788674570.096075224,0 %, 2431 MHz, 58, 35.85 W
1788674570.197445289,0 %, 2431 MHz, 58, 35.85 W
1788674570.297901228,0 %, 2431 MHz, 58, 35.85 W
1788674570.397275309,96 %, 2444 MHz, 62, 37.16 W
1788674570.498273353,96 %, 2444 MHz, 62, 37.16 W
1788674570.598171554,96 %, 2444 MHz, 62, 37.16 W
1788674570.698322992,96 %, 2444 MHz, 62, 37.16 W
1788674570.799241322,96 %, 2444 MHz, 62, 37.16 W
1788674570.899272710,96 %, 2437 MHz, 60, 33.99 W
1788674570.999272145,96 %, 2437 MHz, 60, 33.99 W
1788674571.100468735,96 %, 2437 MHz, 60, 33.99 W
1788674571.199738126,96 %, 2437 MHz, 60, 33.99 W
1788674571.300125167,96 %, 2431 MHz, 60, 33.34 W
1788674571.400874710,0 %, 2431 MHz, 57, 33.34 W
1788674571.500313768,0 %, 2431 MHz, 57, 33.34 W
1788674571.600711881,0 %, 2431 MHz, 57, 33.34 W
1788674571.701980873,0 %, 2431 MHz, 57, 33.34 W
1788674571.800263192,0 %, 2437 MHz, 59, 36.43 W
1788674571.900519014,0 %, 2437 MHz, 59, 36.43 W
1788674572.000833606,0 %, 2437 MHz, 59, 36.43 W
1788674572.101513644,0 %, 2437 MHz, 59, 36.43 W
1788674572.202430645,0 %, 2437 MHz, 59, 36.43 W
1788674572.303267965,96 %, 2444 MHz, 59, 36.11 W
1788674572.402276615,96 %, 2444 MHz, 62, 36.11 W
1788674572.503817978,96 %, 2444 MHz, 62, 36.11 W
1788674572.604267724,96 %, 2444 MHz, 62, 36.11 W
1788674572.703386855,96 %, 2444 MHz, 62, 36.11 W
1788674572.804529988,96 %, 2437 MHz, 59, 32.86 W
1788674572.905289899,96 %, 2437 MHz, 59, 32.86 W
1788674573.003797885,96 %, 2437 MHz, 59, 32.86 W
1788674573.104858088,96 %, 2437 MHz, 59, 32.86 W
1788674573.204493036,96 %, 2437 MHz, 59, 32.86 W
1788674573.305067775,6 %, 2437 MHz, 58, 34.20 W
1788674573.406002936,6 %, 2437 MHz, 58, 34.20 W
1788674573.505260437,6 %, 2437 MHz, 58, 34.20 W
1788674573.605299552,6 %, 2437 MHz, 58, 34.20 W
1788674573.706088326,6 %, 2437 MHz, 58, 34.20 W
1788674573.806099616,6 %, 2444 MHz, 59, 37.38 W
1788674573.906023880,6 %, 2444 MHz, 59, 37.38 W
1788674574.007754734,6 %, 2444 MHz, 59, 37.38 W
1788674574.106374913,6 %, 2444 MHz, 59, 37.38 W
1788674574.207704736,6 %, 2444 MHz, 59, 37.38 W
1788674574.307486982,86 %, 2444 MHz, 61, 35.69 W
1788674574.407161961,86 %, 2444 MHz, 61, 35.69 W
1788674574.508666859,86 %, 2444 MHz, 61, 35.69 W
1788674574.608494721,86 %, 2444 MHz, 61, 35.69 W
1788674574.708186422,86 %, 2444 MHz, 61, 35.69 W
1788674574.809306305,86 %, 2431 MHz, 58, 32.35 W
1788674574.910175016,86 %, 2431 MHz, 58, 32.35 W
1788674575.008993998,86 %, 2431 MHz, 58, 32.35 W
1788674575.110135305,86 %, 2431 MHz, 58, 32.35 W
1788674575.210403863,86 %, 2431 MHz, 58, 32.35 W
1788674575.309602978,20 %, 2431 MHz, 58, 34.37 W
1788674575.410463737,20 %, 2431 MHz, 58, 34.37 W
1788674575.510405825,20 %, 2431 MHz, 58, 34.37 W
1788674575.610223686,20 %, 2431 MHz, 58, 34.37 W
1788674575.710787800,20 %, 2431 MHz, 58, 34.37 W
1788674575.810616302,20 %, 2444 MHz, 62, 37.57 W
1788674575.911144479,20 %, 2444 MHz, 62, 37.57 W
1788674576.012945189,20 %, 2444 MHz, 62, 37.57 W
1788674576.111230434,20 %, 2444 MHz, 62, 37.57 W
1788674576.211761266,20 %, 2444 MHz, 62, 37.57 W
1788674576.313470518,66 %, 2444 MHz, 61, 34.86 W
1788674576.411851156,66 %, 2444 MHz, 61, 34.86 W
1788674576.512776283,66 %, 2444 MHz, 61, 34.86 W
1788674576.613546224,66 %, 2444 MHz, 61, 34.86 W
1788674576.713179954,66 %, 2444 MHz, 61, 34.86 W
1788674576.814265900,66 %, 2431 MHz, 57, 32.41 W
1788674576.914451159,66 %, 2431 MHz, 57, 32.41 W
1788674577.013732996,66 %, 2431 MHz, 57, 32.41 W
1788674577.115150866,66 %, 2431 MHz, 57, 32.41 W
1788674577.215780052,66 %, 2431 MHz, 57, 32.41 W
1788674577.314469782,32 %, 2431 MHz, 58, 35.74 W
1788674577.415938678,32 %, 2431 MHz, 58, 35.74 W
1788674577.516199154,32 %, 2431 MHz, 58, 35.74 W
1788674577.615640832,32 %, 2431 MHz, 58, 35.74 W
1788674577.717152625,32 %, 2431 MHz, 58, 35.74 W
1788674577.816157768,32 %, 2444 MHz, 61, 37.48 W
1788674577.916020541,32 %, 2444 MHz, 61, 37.48 W
1788674578.017722881,32 %, 2444 MHz, 61, 37.48 W
1788674578.116744376,32 %, 2444 MHz, 61, 37.48 W
1788674578.217253239,32 %, 2444 MHz, 61, 37.48 W
1788674578.318077596,49 %, 2444 MHz, 60, 33.71 W
1788674578.417478041,49 %, 2444 MHz, 60, 33.71 W
1788674578.517604658,49 %, 2444 MHz, 60, 33.71 W
1788674578.619497704,49 %, 2444 MHz, 60, 33.71 W
1788674578.718965111,49 %, 2444 MHz, 60, 33.71 W
1788674578.819974414,49 %, 2431 MHz, 57, 33.07 W
1788674578.920311243,49 %, 2431 MHz, 57, 33.07 W
1788674579.018879835,49 %, 2431 MHz, 57, 33.07 W
1788674579.120263992,49 %, 2431 MHz, 57, 33.07 W
1788674579.220778551,49 %, 2431 MHz, 57, 33.07 W
1788674579.319500905,56 %, 2437 MHz, 59, 36.02 W
1788674579.421551872,56 %, 2437 MHz, 59, 36.02 W
1788674579.521393940,56 %, 2437 MHz, 59, 36.02 W
1788674579.620581806,56 %, 2437 MHz, 59, 36.02 W
1788674579.722431283,56 %, 2437 MHz, 59, 36.02 W
1788674579.822412937,56 %, 2444 MHz, 61, 36.67 W
1788674579.921245068,56 %, 2444 MHz, 61, 36.67 W
1788674580.022630121,56 %, 2444 MHz, 61, 36.67 W
1788674580.121944244,56 %, 2444 MHz, 61, 36.67 W
1788674580.221979723,56 %, 2444 MHz, 61, 36.67 W
1788674580.323660364,27 %, 2437 MHz, 60, 32.77 W
1788674580.422754548,27 %, 2437 MHz, 60, 32.77 W
1788674580.522551911,27 %, 2437 MHz, 60, 32.77 W
1788674580.623620158,27 %, 2437 MHz, 60, 32.77 W
1788674580.723106300,27 %, 2437 MHz, 60, 32.77 W
1788674580.823170659,27 %, 2431 MHz, 58, 33.94 W
1788674580.925388285,27 %, 2431 MHz, 58, 33.94 W
1788674581.023662839,27 %, 2431 MHz, 58, 33.94 W
1788674581.124077219,27 %, 2431 MHz, 58, 33.94 W
1788674581.225168635,27 %, 2431 MHz, 58, 33.94 W
1788674581.324244833,73 %, 2444 MHz, 59, 36.98 W
1788674581.425883201,73 %, 2444 MHz, 59, 36.98 W
1788674581.526364383,73 %, 2444 MHz, 59, 36.98 W
1788674581.625101216,73 %, 2444 MHz, 59, 36.98 W
1788674581.727119942,73 %, 2444 MHz, 59, 36.98 W
1788674581.826182605,73 %, 2444 MHz, 61, 35.67 W
1788674581.926328165,73 %, 2444 MHz, 61, 35.67 W
1788674582.027718720,73 %, 2444 MHz, 61, 35.67 W
1788674582.127477202,73 %, 2444 MHz, 61, 35.67 W
1788674582.226956814,73 %, 2444 MHz, 61, 35.67 W
1788674582.328453788,20 %, 2450 MHz, 58, 34.06 W
1788674582.428871143,20 %, 2450 MHz, 58, 34.06 W
1788674582.528115712,20 %, 2450 MHz, 58, 34.06 W
1788674582.628366825,20 %, 2450 MHz, 58, 34.06 W
1788674582.729849510,20 %, 2450 MHz, 58, 34.06 W
1788674582.829962461,20 %, 2457 MHz, 61, 37.75 W
1788674582.929270007,20 %, 2457 MHz, 61, 37.75 W
1788674583.030086265,20 %, 2457 MHz, 61, 37.75 W
1788674583.130787145,20 %, 2457 MHz, 61, 37.75 W
1788674583.229627675,20 %, 2457 MHz, 61, 37.75 W
1788674583.331630832,40 %, 2444 MHz, 60, 37.06 W
1788674583.431154461,40 %, 2444 MHz, 60, 37.06 W
1788674583.530288291,40 %, 2444 MHz, 60, 37.06 W
1788674583.631803425,40 %, 2444 MHz, 60, 37.06 W
1788674583.732160139,40 %, 2444 MHz, 60, 37.06 W
1788674583.831756329,40 %, 2444 MHz, 59, 37.17 W
1788674583.932829855,40 %, 2444 MHz, 59, 37.17 W
1788674584.032863924,40 %, 2444 MHz, 59, 37.17 W
1788674584.132286447,40 %, 2444 MHz, 59, 37.17 W
1788674584.233909325,40 %, 2444 MHz, 59, 37.17 W
1788674584.334003618,93 %, 2463 MHz, 61, 38.65 W
1788674584.433000118,93 %, 2463 MHz, 61, 38.65 W
1788674584.534604260,93 %, 2463 MHz, 61, 38.65 W
1788674584.634666617,93 %, 2463 MHz, 61, 38.65 W
1788674584.734514123,93 %, 2463 MHz, 61, 38.65 W
1788674584.836761651,93 %, 2450 MHz, 58, 35.59 W
1788674584.936409202,93 %, 2450 MHz, 58, 35.59 W
1788674585.035017871,93 %, 2450 MHz, 58, 35.59 W
1788674585.136576140,93 %, 2450 MHz, 58, 35.59 W
1788674585.236893365,93 %, 2450 MHz, 58, 35.59 W
1788674585.336546627,83 %, 2444 MHz, 61, 38.10 W
1788674585.437911308,83 %, 2444 MHz, 61, 38.10 W
1788674585.537602107,83 %, 2444 MHz, 61, 38.10 W
1788674585.637250201,83 %, 2444 MHz, 61, 38.10 W
1788674585.738311917,83 %, 2444 MHz, 61, 38.10 W
1788674585.838711463,83 %, 2463 MHz, 61, 38.18 W
1788674585.938012015,83 %, 2463 MHz, 61, 38.18 W
1788674586.039374825,83 %, 2463 MHz, 61, 38.18 W
1788674586.138237002,83 %, 2463 MHz, 61, 38.18 W
1788674586.238352846,83 %, 2463 MHz, 61, 38.18 W
1788674586.340297265,27 %, 2450 MHz, 58, 36.00 W
1788674586.439352085,27 %, 2450 MHz, 58, 36.00 W
1788674586.539847120,27 %, 2450 MHz, 58, 36.00 W
1788674586.640979813,27 %, 2450 MHz, 58, 36.00 W
1788674586.740994472,27 %, 2450 MHz, 58, 36.00 W
1788674586.839703383,27 %, 2457 MHz, 61, 38.32 W
1788674586.940472182,27 %, 2457 MHz, 61, 38.32 W
1788674587.042120500,27 %, 2457 MHz, 61, 38.32 W
1788674587.141753680,27 %, 2457 MHz, 61, 38.32 W
1788674587.241125624,27 %, 2457 MHz, 61, 38.32 W
1788674587.342804134,39 %, 2444 MHz, 60, 37.09 W
1788674587.443027868,39 %, 2444 MHz, 60, 37.09 W
1788674587.542829260,39 %, 2444 MHz, 60, 37.09 W
1788674587.644011985,39 %, 2444 MHz, 60, 37.09 W
1788674587.743728079,39 %, 2444 MHz, 60, 37.09 W
1788674587.843126520,39 %, 2444 MHz, 59, 37.11 W
1788674587.944708356,39 %, 2444 MHz, 59, 37.11 W
1788674588.045122829,39 %, 2444 MHz, 59, 37.11 W
1788674588.144018269,39 %, 2444 MHz, 59, 37.11 W
1788674588.246190419,39 %, 2444 MHz, 59, 37.11 W
1788674588.346224661,96 %, 2463 MHz, 61, 38.77 W
1788674588.445418554,96 %, 2463 MHz, 61, 38.77 W
1788674588.546846611,96 %, 2463 MHz, 61, 38.77 W
1788674588.646946615,96 %, 2463 MHz, 61, 38.77 W
1788674588.746919945,96 %, 2463 MHz, 61, 38.77 W
1788674588.847642150,96 %, 2450 MHz, 58, 35.26 W
1788674588.947916381,96 %, 2450 MHz, 58, 35.26 W
1788674589.047518616,96 %, 2450 MHz, 58, 35.26 W
1788674589.148512314,96 %, 2450 MHz, 58, 35.26 W
1788674589.248631117,96 %, 2450 MHz, 58, 35.26 W
1788674589.347794369,83 %, 2450 MHz, 61, 37.62 W
1788674589.449186249,83 %, 2450 MHz, 61, 37.62 W
1788674589.548661410,83 %, 2450 MHz, 61, 37.62 W
1788674589.648738837,83 %, 2450 MHz, 61, 37.62 W
1788674589.750106668,83 %, 2450 MHz, 61, 37.62 W
1788674589.848840937,83 %, 2450 MHz, 61, 37.96 W
1788674589.949317923,83 %, 2450 MHz, 61, 37.96 W
1788674590.049352101,83 %, 2450 MHz, 61, 37.96 W
1788674590.150945823,83 %, 2450 MHz, 61, 37.96 W
1788674590.251100019,83 %, 2450 MHz, 61, 37.96 W
1788674590.350052467,63 %, 2437 MHz, 59, 36.69 W
1788674590.451401866,63 %, 2437 MHz, 59, 36.69 W
1788674590.551978324,63 %, 2437 MHz, 59, 36.69 W
1788674590.651448621,63 %, 2437 MHz, 59, 36.69 W
1788674590.753096088,63 %, 2437 MHz, 59, 36.69 W
1788674590.852635762,63 %, 2463 MHz, 62, 37.98 W
1788674590.952171067,63 %, 2463 MHz, 62, 37.98 W
1788674591.053356927,63 %, 2463 MHz, 62, 37.98 W
1788674591.153128604,63 %, 2463 MHz, 62, 37.98 W
1788674591.252868120,63 %, 2463 MHz, 62, 37.98 W
1788674591.353991147,2 %, 2444 MHz, 58, 35.95 W
1788674591.454229103,2 %, 2444 MHz, 58, 35.95 W
1788674591.553191695,2 %, 2444 MHz, 58, 35.95 W
1788674591.654515573,2 %, 2444 MHz, 58, 35.95 W
1788674591.754923244,2 %, 2444 MHz, 58, 35.95 W
1788674591.854006174,2 %, 2450 MHz, 61, 37.80 W
1788674591.955601720,2 %, 2450 MHz, 61, 37.80 W
1788674592.055425782,2 %, 2450 MHz, 61, 37.80 W
1788674592.153937566,2 %, 2450 MHz, 61, 37.80 W
1788674592.254734106,2 %, 2450 MHz, 61, 37.80 W
1788674592.354400997,54 %, 2450 MHz, 61, 38.12 W
1788674592.456049232,54 %, 2450 MHz, 61, 38.12 W
1788674592.557155490,54 %, 2450 MHz, 61, 38.12 W
1788674592.657295508,54 %, 2450 MHz, 61, 38.12 W
1788674592.756461046,54 %, 2450 MHz, 61, 38.12 W
1788674592.856655322,54 %, 2444 MHz, 59, 36.71 W
1788674592.958187794,54 %, 2444 MHz, 59, 36.71 W
1788674593.057974207,54 %, 2444 MHz, 59, 36.71 W
1788674593.157273651,54 %, 2444 MHz, 59, 36.71 W
1788674593.258860284,54 %, 2444 MHz, 59, 36.71 W
1788674593.358824971,88 %, 2463 MHz, 61, 37.94 W
1788674593.458053518,88 %, 2463 MHz, 61, 37.94 W
1788674593.559727016,88 %, 2463 MHz, 61, 37.94 W
1788674593.659976236,88 %, 2463 MHz, 61, 37.94 W
1788674593.759181935,88 %, 2463 MHz, 61, 37.94 W
1788674593.860574533,88 %, 2450 MHz, 58, 36.37 W
1788674593.960760695,88 %, 2450 MHz, 58, 36.37 W
1788674594.060270414,88 %, 2450 MHz, 58, 36.37 W
1788674594.161613443,88 %, 2450 MHz, 58, 36.37 W
1788674594.261589922,88 %, 2450 MHz, 58, 36.37 W
1788674594.360873749,84 %, 2450 MHz, 62, 37.93 W
1788674594.461937813,84 %, 2450 MHz, 62, 37.93 W
1788674594.562210969,84 %, 2450 MHz, 62, 37.93 W
1788674594.661875602,84 %, 2450 MHz, 62, 37.93 W
1788674594.763534060,84 %, 2450 MHz, 62, 37.93 W
1788674594.863226294,84 %, 2457 MHz, 61, 38.33 W
1788674594.962870720,84 %, 2457 MHz, 61, 38.33 W
1788674595.064409783,84 %, 2457 MHz, 61, 38.33 W
1788674595.163075056,84 %, 2457 MHz, 61, 38.33 W
1788674595.263276258,84 %, 2457 MHz, 61, 38.33 W
1788674595.364579685,45 %, 2444 MHz, 59, 35.71 W
1788674595.463915497,45 %, 2444 MHz, 59, 35.71 W
1788674595.563927768,45 %, 2444 MHz, 59, 35.71 W
1788674595.665505792,45 %, 2444 MHz, 59, 35.71 W
1788674595.765706930,45 %, 2444 MHz, 59, 35.71 W
1788674595.865136663,45 %, 2463 MHz, 60, 37.92 W
1788674595.965398362,45 %, 2463 MHz, 60, 37.92 W
1788674596.066113731,45 %, 2463 MHz, 60, 37.92 W
1788674596.166448551,45 %, 2463 MHz, 60, 37.92 W
1788674596.266248770,45 %, 2463 MHz, 60, 37.92 W
1788674596.367325457,6 %, 2444 MHz, 58, 36.68 W
1788674596.467419697,6 %, 2444 MHz, 58, 36.68 W
1788674596.566678611,6 %, 2444 MHz, 58, 36.68 W
1788674596.668217305,6 %, 2444 MHz, 58, 36.68 W
1788674596.768038293,6 %, 2444 MHz, 58, 36.68 W
1788674596.867379752,6 %, 2444 MHz, 62, 37.70 W
1788674596.969620586,6 %, 2444 MHz, 62, 37.70 W
1788674597.068826619,6 %, 2444 MHz, 62, 37.70 W
1788674597.168035740,6 %, 2444 MHz, 62, 37.70 W
1788674597.269709412,6 %, 2444 MHz, 62, 37.70 W
1788674597.369684257,71 %, 2457 MHz, 61, 38.33 W
1788674597.468757392,71 %, 2457 MHz, 61, 38.33 W
1788674597.570196277,71 %, 2457 MHz, 61, 38.33 W
1788674597.670835836,71 %, 2457 MHz, 61, 38.33 W
1788674597.769745672,71 %, 2457 MHz, 61, 38.33 W
1788674597.871482578,71 %, 2450 MHz, 59, 35.69 W
1788674597.971686659,71 %, 2450 MHz, 59, 35.69 W
1788674598.070438652,71 %, 2450 MHz, 59, 35.69 W
1788674598.171708909,71 %, 2450 MHz, 59, 35.69 W
1788674598.270860605,71 %, 2450 MHz, 59, 35.69 W
1788674598.371053325,83 %, 2463 MHz, 60, 37.95 W
1788674598.472624627,83 %, 2463 MHz, 60, 37.95 W
1788674598.572847156,83 %, 2463 MHz, 60, 37.95 W
1788674598.671935138,83 %, 2463 MHz, 60, 37.95 W
1788674598.773703516,83 %, 2463 MHz, 60, 37.95 W
1788674598.873596295,83 %, 2444 MHz, 59, 37.20 W
1788674598.974352432,83 %, 2444 MHz, 59, 37.20 W
1788674599.073237611,83 %, 2444 MHz, 59, 37.20 W
1788674599.174543100,83 %, 2444 MHz, 59, 37.20 W
1788674599.274759372,83 %, 2444 MHz, 59, 37.20 W
1788674599.374253105,78 %, 2444 MHz, 62, 37.44 W
1788674599.475352751,78 %, 2444 MHz, 62, 37.44 W
1788674599.575640176,78 %, 2444 MHz, 62, 37.44 W
1788674599.674634060,78 %, 2444 MHz, 62, 37.44 W
1788674599.775989727,78 %, 2444 MHz, 62, 37.44 W
1788674599.876402034,78 %, 2463 MHz, 62, 38.14 W
1788674599.975562513,78 %, 2463 MHz, 62, 38.14 W
1788674600.075827681,78 %, 2463 MHz, 62, 38.14 W
1788674600.175342294,78 %, 2463 MHz, 62, 38.14 W
1788674600.275503396,78 %, 2463 MHz, 62, 38.14 W
1788674600.376361838,31 %, 2450 MHz, 59, 35.35 W
1788674600.477665007,31 %, 2450 MHz, 59, 35.35 W
1788674600.576551225,31 %, 2450 MHz, 59, 35.35 W
1788674600.678447140,31 %, 2450 MHz, 59, 35.35 W
1788674600.778643395,31 %, 2450 MHz, 59, 35.35 W
1788674600.877951620,31 %, 2463 MHz, 61, 38.10 W
1788674600.979003329,31 %, 2463 MHz, 61, 38.10 W
1788674601.079342210,31 %, 2463 MHz, 61, 38.10 W
1788674601.178315757,31 %, 2463 MHz, 61, 38.10 W
1788674601.280387194,31 %, 2463 MHz, 61, 38.10 W
1788674601.378772331,31 %, 2444 MHz, 61, 37.71 W
1788674601.479276991,31 %, 2444 MHz, 61, 37.71 W
1788674601.580908453,31 %, 2444 MHz, 61, 37.71 W
1788674601.680969233,31 %, 2444 MHz, 61, 37.71 W
1788674601.780459877,31 %, 2444 MHz, 61, 37.71 W
1788674601.879970872,31 %, 2444 MHz, 60, 37.08 W
1788674601.981776385,31 %, 2444 MHz, 60, 37.08 W
1788674602.081539576,31 %, 2444 MHz, 60, 37.08 W
1788674602.180581860,31 %, 2444 MHz, 60, 37.08 W
1788674602.282554671,31 %, 2444 MHz, 60, 37.08 W
1788674602.382330902,96 %, 2463 MHz, 62, 38.41 W
1788674602.481947291,96 %, 2463 MHz, 62, 38.41 W
1788674602.582488383,96 %, 2463 MHz, 62, 38.41 W
1788674602.683375336,96 %, 2463 MHz, 62, 38.41 W
1788674602.782749177,96 %, 2463 MHz, 62, 38.41 W
1788674602.883252972,96 %, 2450 MHz, 58, 35.68 W
1788674602.983411802,96 %, 2450 MHz, 58, 35.68 W
1788674603.083040303,96 %, 2450 MHz, 58, 35.68 W
1788674603.184310398,96 %, 2450 MHz, 58, 35.68 W
1788674603.284969091,96 %, 2450 MHz, 58, 35.68 W
1788674603.383747258,83 %, 2457 MHz, 62, 37.94 W
1788674603.485552593,83 %, 2457 MHz, 62, 37.94 W
1788674603.585249815,83 %, 2457 MHz, 62, 37.94 W
1788674603.685136208,83 %, 2457 MHz, 62, 37.94 W
1788674603.785734932,83 %, 2457 MHz, 62, 37.94 W
1788674603.886346280,83 %, 2450 MHz, 61, 37.88 W
1788674603.985887163,83 %, 2450 MHz, 61, 37.88 W
1788674604.086521568,83 %, 2450 MHz, 61, 37.88 W
1788674604.187200741,83 %, 2450 MHz, 61, 37.88 W
1788674604.286394386,83 %, 2450 MHz, 61, 37.88 W
1788674604.387837491,65 %, 2444 MHz, 60, 36.54 W
1788674604.487148834,65 %, 2444 MHz, 60, 36.54 W
1788674604.587148924,65 %, 2444 MHz, 60, 36.54 W
1788674604.689071333,65 %, 2444 MHz, 60, 36.54 W
1788674604.788653273,65 %, 2444 MHz, 60, 36.54 W
1788674604.888219452,65 %, 2463 MHz, 62, 37.99 W
1788674604.988430809,65 %, 2463 MHz, 62, 37.99 W
1788674605.089440899,65 %, 2463 MHz, 62, 37.99 W
1788674605.189575791,65 %, 2463 MHz, 62, 37.99 W
1788674605.289004127,65 %, 2463 MHz, 62, 37.99 W
1788674605.390053674,4 %, 2450 MHz, 58, 35.91 W
1788674605.490749214,4 %, 2450 MHz, 58, 35.91 W
1788674605.589683895,4 %, 2450 MHz, 58, 35.91 W
1788674605.692022774,4 %, 2450 MHz, 58, 35.91 W
1788674605.791074784,4 %, 2450 MHz, 58, 35.91 W
1788674605.890420191,4 %, 2450 MHz, 62, 37.94 W
1788674605.991587484,4 %, 2450 MHz, 62, 37.94 W
1788674606.091822073,4 %, 2450 MHz, 62, 37.94 W
1788674606.191882995,4 %, 2450 MHz, 62, 37.94 W
1788674606.292766954,4 %, 2450 MHz, 62, 37.94 W
1788674606.392885813,55 %, 2450 MHz, 61, 38.52 W
1788674606.492349845,55 %, 2450 MHz, 61, 38.52 W
1788674606.593407007,55 %, 2450 MHz, 61, 38.52 W
1788674606.694069859,55 %, 2450 MHz, 61, 38.52 W
1788674606.792892457,55 %, 2450 MHz, 61, 38.52 W
1788674606.894795041,55 %, 2444 MHz, 60, 36.17 W
1788674606.994809162,55 %, 2444 MHz, 60, 36.17 W
1788674607.093687057,55 %, 2444 MHz, 60, 36.17 W
1788674607.195334788,55 %, 2444 MHz, 60, 36.17 W
1788674607.295770468,55 %, 2444 MHz, 60, 36.17 W
1788674607.394884350,83 %, 2463 MHz, 60, 38.12 W
1788674607.495940728,83 %, 2463 MHz, 60, 38.12 W
1788674607.594622763,83 %, 2463 MHz, 60, 38.12 W
1788674607.695834263,83 %, 2463 MHz, 60, 38.12 W
1788674607.797410537,83 %, 2463 MHz, 60, 38.12 W
1788674607.897003995,83 %, 2450 MHz, 59, 36.82 W
1788674607.996321865,83 %, 2450 MHz, 59, 36.82 W
1788674608.097860890,83 %, 2450 MHz, 59, 36.82 W
1788674608.197810497,83 %, 2450 MHz, 59, 36.82 W
1788674608.297008316,83 %, 2450 MHz, 59, 36.82 W
1788674608.398004804,83 %, 2444 MHz, 62, 38.01 W
1788674608.498594118,83 %, 2444 MHz, 62, 38.01 W
1788674608.599405899,83 %, 2444 MHz, 62, 38.01 W
1788674608.698713048,83 %, 2444 MHz, 62, 38.01 W
1788674608.799584990,83 %, 2444 MHz, 62, 38.01 W
1788674608.899977181,83 %, 2463 MHz, 62, 38.43 W
1788674608.999104199,83 %, 2463 MHz, 62, 38.43 W
1788674609.100470340,83 %, 2463 MHz, 62, 38.43 W
1788674609.200509069,83 %, 2463 MHz, 62, 38.43 W
1788674609.299756712,83 %, 2463 MHz, 62, 38.43 W
1788674609.401886866,33 %, 2444 MHz, 59, 35.70 W
1788674609.501170606,33 %, 2444 MHz, 59, 35.70 W
1788674609.600404585,33 %, 2444 MHz, 59, 35.70 W
1788674609.702046043,33 %, 2444 MHz, 59, 35.70 W
1788674609.802235606,33 %, 2444 MHz, 59, 35.70 W
1788674609.901971945,33 %, 2457 MHz, 61, 37.85 W
1788674610.002436024,33 %, 2457 MHz, 61, 37.85 W
1788674610.102715460,33 %, 2457 MHz, 61, 37.85 W
1788674610.202418774,33 %, 2457 MHz, 61, 37.85 W
1788674610.303604017,33 %, 2457 MHz, 61, 37.85 W
1788674610.403205457,15 %, 2444 MHz, 59, 37.05 W
1788674610.503220057,15 %, 2444 MHz, 59, 37.05 W
1788674610.604890187,15 %, 2444 MHz, 59, 37.05 W
1788674610.703597133,15 %, 2444 MHz, 59, 37.05 W
1788674610.803815496,15 %, 2444 MHz, 59, 37.05 W
1788674610.905604444,15 %, 2444 MHz, 62, 37.37 W
1788674611.005779798,15 %, 2444 MHz, 62, 37.37 W
1788674611.105115970,15 %, 2444 MHz, 62, 37.37 W
1788674611.204592992,15 %, 2444 MHz, 62, 37.37 W
1788674611.306291522,15 %, 2444 MHz, 62, 37.37 W
1788674611.406250344,82 %, 2463 MHz, 62, 38.69 W
1788674611.505253662,82 %, 2463 MHz, 62, 38.69 W
1788674611.607059282,82 %, 2463 MHz, 62, 38.69 W
1788674611.707430063,82 %, 2463 MHz, 62, 38.69 W
1788674611.806370852,82 %, 2463 MHz, 62, 38.69 W
1788674611.907681392,82 %, 2450 MHz, 59, 35.21 W
1788674612.007896938,82 %, 2450 MHz, 59, 35.21 W
1788674612.107269094,82 %, 2450 MHz, 59, 35.21 W
1788674612.208103066,82 %, 2450 MHz, 59, 35.21 W
1788674612.309187073,82 %, 2450 MHz, 59, 35.21 W
1788674612.407767736,83 %, 2457 MHz, 62, 38.04 W
1788674612.508486751,83 %, 2457 MHz, 62, 38.04 W
1788674612.608036221,83 %, 2457 MHz, 62, 38.04 W
1788674612.707748188,83 %, 2457 MHz, 62, 38.04 W
1788674612.809940767,83 %, 2457 MHz, 62, 38.04 W
1788674612.909572062,83 %, 2444 MHz, 61, 37.94 W
1788674613.008964147,83 %, 2444 MHz, 61, 37.94 W
1788674613.110937216,83 %, 2444 MHz, 61, 37.94 W
1788674613.210624307,83 %, 2444 MHz, 61, 37.94 W
1788674613.310365731,83 %, 2444 MHz, 61, 37.94 W
1788674613.411189659,73 %, 2444 MHz, 61, 36.71 W
1788674613.511253616,73 %, 2444 MHz, 61, 36.71 W
1788674613.611036158,73 %, 2444 MHz, 61, 36.71 W
1788674613.712232169,73 %, 2444 MHz, 61, 36.71 W
1788674613.811646597,73 %, 2444 MHz, 61, 36.71 W
1788674613.911419205,73 %, 2463 MHz, 62, 37.95 W
1788674614.013177131,73 %, 2463 MHz, 62, 37.95 W
1788674614.112923476,73 %, 2463 MHz, 62, 37.95 W
1788674614.212199566,73 %, 2463 MHz, 62, 37.95 W
1788674614.313129546,73 %, 2463 MHz, 62, 37.95 W
1788674614.414148484,9 %, 2450 MHz, 59, 35.38 W
1788674614.514065750,9 %, 2450 MHz, 59, 35.38 W
1788674614.613726482,9 %, 2450 MHz, 59, 35.38 W
1788674614.714636431,9 %, 2450 MHz, 59, 35.38 W
1788674614.815235384,9 %, 2450 MHz, 59, 35.38 W
1788674614.914125360,9 %, 2457 MHz, 62, 38.04 W
1788674615.015113996,9 %, 2457 MHz, 62, 38.04 W
1788674615.115433080,9 %, 2457 MHz, 62, 38.04 W
1788674615.214721258,9 %, 2457 MHz, 62, 38.04 W
1788674615.316165036,9 %, 2457 MHz, 62, 38.04 W
1788674615.416221905,46 %, 2450 MHz, 61, 38.41 W
1788674615.516294182,46 %, 2450 MHz, 61, 38.41 W
1788674615.617171389,46 %, 2450 MHz, 61, 38.41 W
1788674615.717132422,46 %, 2450 MHz, 61, 38.41 W
1788674615.816986531,46 %, 2450 MHz, 61, 38.41 W
1788674615.918093217,46 %, 2444 MHz, 60, 36.50 W
1788674616.018409519,46 %, 2444 MHz, 60, 36.50 W
1788674616.117340790,46 %, 2444 MHz, 60, 36.50 W
1788674616.218562153,46 %, 2444 MHz, 60, 36.50 W
1788674616.318702324,46 %, 2444 MHz, 60, 36.50 W
1788674616.418078283,96 %, 2463 MHz, 62, 37.69 W
1788674616.519924294,96 %, 2463 MHz, 62, 37.69 W
1788674616.618477756,96 %, 2463 MHz, 62, 37.69 W
1788674616.718652613,96 %, 2463 MHz, 62, 37.69 W
1788674616.819384762,96 %, 2463 MHz, 62, 37.69 W
1788674616.919170322,96 %, 2444 MHz, 59, 36.05 W
1788674617.020098193,96 %, 2444 MHz, 59, 36.05 W
1788674617.121124499,96 %, 2444 MHz, 59, 36.05 W
1788674617.220970801,96 %, 2444 MHz, 59, 36.05 W
1788674617.319969343,84 %, 2450 MHz, 59, 38.10 W
1788674617.420314090,84 %, 2450 MHz, 62, 38.10 W
1788674617.521970725,84 %, 2450 MHz, 62, 38.10 W
1788674617.621840242,84 %, 2450 MHz, 62, 38.10 W
1788674617.721113077,84 %, 2450 MHz, 62, 38.10 W
1788674617.822004669,84 %, 2450 MHz, 62, 38.75 W
1788674617.922443157,84 %, 2450 MHz, 62, 38.75 W
1788674618.021723961,84 %, 2450 MHz, 62, 38.75 W
1788674618.123105895,84 %, 2450 MHz, 62, 38.75 W
1788674618.223624292,84 %, 2450 MHz, 62, 38.75 W
1788674618.322432449,44 %, 2437 MHz, 59, 36.11 W
1788674618.424011175,44 %, 2437 MHz, 59, 36.11 W
1788674618.524637153,44 %, 2437 MHz, 59, 36.11 W
1788674618.623324034,44 %, 2437 MHz, 59, 36.11 W
1788674618.725701706,44 %, 2437 MHz, 59, 36.11 W
1788674618.825160863,44 %, 2463 MHz, 61, 38.19 W
1788674618.924327070,44 %, 2463 MHz, 61, 38.19 W
1788674619.025563251,44 %, 2463 MHz, 61, 38.19 W
1788674619.125510830,44 %, 2463 MHz, 61, 38.19 W
1788674619.225297231,44 %, 2463 MHz, 61, 38.19 W
1788674619.326573225,11 %, 2444 MHz, 59, 37.00 W
1788674619.426339146,11 %, 2444 MHz, 59, 37.00 W
1788674619.525673980,11 %, 2444 MHz, 59, 37.00 W
1788674619.627463746,11 %, 2444 MHz, 59, 37.00 W
1788674619.727657284,11 %, 2444 MHz, 59, 37.00 W
1788674619.826385468,11 %, 2444 MHz, 62, 37.80 W
1788674619.927537802,11 %, 2444 MHz, 62, 37.80 W
1788674620.028108993,11 %, 2444 MHz, 62, 37.80 W
1788674620.127570901,11 %, 2444 MHz, 62, 37.80 W
1788674620.229124494,11 %, 2444 MHz, 62, 37.80 W
1788674620.328595042,73 %, 2457 MHz, 62, 38.31 W
1788674620.429296394,73 %, 2457 MHz, 62, 38.31 W
1788674620.528582149,73 %, 2457 MHz, 62, 38.31 W
1788674620.630088751,73 %, 2457 MHz, 62, 38.31 W
1788674620.730653659,73 %, 2457 MHz, 62, 38.31 W
1788674620.829259408,73 %, 2444 MHz, 59, 35.78 W
1788674620.930503219,73 %, 2444 MHz, 59, 35.78 W
1788674621.031106977,73 %, 2444 MHz, 59, 35.78 W
1788674621.129913462,73 %, 2444 MHz, 59, 35.78 W
1788674621.231851352,73 %, 2444 MHz, 59, 35.78 W
1788674621.331745045,82 %, 2463 MHz, 62, 37.68 W
1788674621.431283328,82 %, 2463 MHz, 62, 37.68 W
1788674621.532165657,82 %, 2463 MHz, 62, 37.68 W
1788674621.632760125,82 %, 2463 MHz, 62, 37.68 W
1788674621.731704861,82 %, 2463 MHz, 62, 37.68 W
1788674621.832864460,82 %, 2444 MHz, 60, 36.98 W
1788674621.933660952,82 %, 2444 MHz, 60, 36.98 W
1788674622.032394034,82 %, 2444 MHz, 60, 36.98 W
1788674622.133492428,82 %, 2444 MHz, 60, 36.98 W
1788674622.233873151,82 %, 2444 MHz, 60, 36.98 W
1788674622.333037760,80 %, 2444 MHz, 62, 37.74 W
1788674622.434988010,80 %, 2444 MHz, 62, 37.74 W
1788674622.534536412,80 %, 2444 MHz, 62, 37.74 W
1788674622.634212602,80 %, 2444 MHz, 62, 37.74 W
1788674622.735186520,80 %, 2444 MHz, 62, 37.74 W
1788674622.834563136,80 %, 2463 MHz, 62, 38.47 W
1788674622.935076431,80 %, 2463 MHz, 62, 38.47 W
1788674623.036052384,80 %, 2463 MHz, 62, 38.47 W
1788674623.136516457,80 %, 2463 MHz, 62, 38.47 W
1788674623.235418651,80 %, 2463 MHz, 62, 38.47 W
1788674623.335601198,32 %, 2444 MHz, 59, 35.36 W
1788674623.437146832,32 %, 2444 MHz, 59, 35.36 W
1788674623.537125738,32 %, 2444 MHz, 59, 35.36 W
1788674623.637214033,32 %, 2444 MHz, 59, 35.36 W
1788674623.738143321,32 %, 2444 MHz, 59, 35.36 W
1788674623.838226224,32 %, 2463 MHz, 62, 37.62 W
1788674623.937878391,32 %, 2463 MHz, 62, 37.62 W
1788674624.039026026,32 %, 2463 MHz, 62, 37.62 W
1788674624.139786128,32 %, 2463 MHz, 62, 37.62 W
1788674624.238403189,32 %, 2463 MHz, 62, 37.62 W
1788674624.339762949,21 %, 2437 MHz, 61, 37.23 W
1788674624.440425375,21 %, 2437 MHz, 61, 37.23 W
1788674624.539187871,21 %, 2437 MHz, 61, 37.23 W
1788674624.640326951,21 %, 2437 MHz, 61, 37.23 W
1788674624.740575584,21 %, 2437 MHz, 61, 37.23 W
1788674624.839593094,21 %, 2444 MHz, 62, 37.22 W
1788674624.940951383,21 %, 2444 MHz, 62, 37.22 W
1788674625.041978711,21 %, 2444 MHz, 62, 37.22 W
1788674625.141159551,21 %, 2444 MHz, 62, 37.22 W
1788674625.241625064,21 %, 2444 MHz, 62, 37.22 W
1788674625.342177935,84 %, 2463 MHz, 62, 38.66 W
1788674625.441482370,84 %, 2463 MHz, 62, 38.66 W
1788674625.542340638,84 %, 2463 MHz, 62, 38.66 W
1788674625.643647880,84 %, 2463 MHz, 62, 38.66 W
1788674625.743097463,84 %, 2463 MHz, 62, 38.66 W
1788674625.844147307,84 %, 2450 MHz, 59, 35.34 W
1788674625.943416464,84 %, 2450 MHz, 59, 35.34 W
1788674626.043443309,84 %, 2450 MHz, 59, 35.34 W
1788674626.144960808,84 %, 2450 MHz, 59, 35.34 W
1788674626.244702244,84 %, 2450 MHz, 59, 35.34 W
1788674626.344303749,83 %, 2457 MHz, 62, 38.01 W
1788674626.444416356,83 %, 2457 MHz, 62, 38.01 W
1788674626.545643050,83 %, 2457 MHz, 62, 38.01 W
1788674626.645180221,83 %, 2457 MHz, 62, 38.01 W
1788674626.746319830,83 %, 2457 MHz, 62, 38.01 W
1788674626.846683819,83 %, 2444 MHz, 62, 37.99 W
1788674626.946305100,83 %, 2444 MHz, 62, 37.99 W
1788674627.045723495,83 %, 2444 MHz, 62, 37.99 W
1788674627.145958921,83 %, 2444 MHz, 62, 37.99 W
1788674627.246835236,83 %, 2444 MHz, 62, 37.99 W
1788674627.347016792,0 %, 2411 MHz, 58, 27.40 W
1788674627.446612850,0 %, 2411 MHz, 58, 27.40 W
1788674627.547732852,0 %, 2411 MHz, 58, 27.40 W
1788674627.648644496,0 %, 2411 MHz, 58, 27.40 W
1788674627.748589530,0 %, 2411 MHz, 58, 27.40 W
1788674627.849276481,0 %, 2398 MHz, 57, 16.83 W
1788674627.950201415,0 %, 2398 MHz, 57, 16.83 W
1788674628.050503191,0 %, 2398 MHz, 57, 16.83 W
1788674628.151543201,0 %, 2398 MHz, 57, 16.83 W
1788674628.251500806,0 %, 2398 MHz, 57, 16.83 W
1788674628.352158098,0 %, 2398 MHz, 57, 13.96 W
1788674628.452665028,0 %, 2398 MHz, 57, 13.96 W
1788674628.553454570,0 %, 2398 MHz, 57, 13.96 W
1788674628.653969547,0 %, 2398 MHz, 57, 13.96 W
1788674628.753062798,0 %, 2398 MHz, 57, 13.96 W
1788674628.854030798,0 %, 2398 MHz, 57, 13.85 W
1788674628.953416343,0 %, 2398 MHz, 57, 13.85 W
1788674629.053442750,0 %, 2398 MHz, 57, 13.85 W
1788674629.153432889,0 %, 2398 MHz, 57, 13.85 W
1788674629.255433276,0 %, 2398 MHz, 57, 13.85 W
1788674629.355793720,0 %, 2398 MHz, 57, 13.80 W
1788674629.456542922,0 %, 2398 MHz, 57, 13.80 W
1788674629.557046098,0 %, 2398 MHz, 57, 13.80 W
1788674629.657489501,0 %, 2398 MHz, 57, 13.80 W
1788674629.757592245,0 %, 2398 MHz, 57, 13.80 W
1788674629.858714424,0 %, 2398 MHz, 56, 13.75 W
1788674629.959431080,0 %, 2398 MHz, 56, 13.75 W
1788674630.059257967,0 %, 2398 MHz, 56, 13.75 W
1788674630.160868376,0 %, 2398 MHz, 56, 13.75 W
1788674630.261351130,0 %, 2398 MHz, 56, 13.75 W
1788674630.361624344,0 %, 2398 MHz, 56, 13.72 W
1788674630.460969647,0 %, 2398 MHz, 56, 13.72 W
1788674630.561024655,0 %, 2398 MHz, 56, 13.72 W
1788674630.660962452,0 %, 2398 MHz, 56, 13.72 W
1788674630.760884106,0 %, 2398 MHz, 56, 13.72 W
1788674630.862717338,0 %, 2398 MHz, 56, 13.72 W
1788674630.963217644,0 %, 2398 MHz, 56, 13.72 W
